,Unnamed: 0,Unnamed: 0.1,Unnamed: 0.1.1,Unnamed: 0.1.1,INSTNM,CITY,STABBR,PREDDEG,CONTROL,LOCALE,SATVRMID,SATMTMID,SATWRMID,ACTCMMID,ACTENMID,ACTMTMID,ACTWRMID,SAT_AVG,DISTANCEONLY,UGDS,UGDS_WHITE,UGDS_BLACK,UGDS_HISP,UGDS_ASIAN,UGDS_AIAN,UGDS_NHPI,UGDS_2MOR,UGDS_NRA,UGDS_UNKN,PPTUG_EF,NPT4_PUB,NPT4_PRIV,PCTPELL,RET_FT4,RET_FTL4,RET_PT4,RET_PTL4,PCTFLOAN,UG25abv,GRAD_DEBT_MDN_SUPP,GRAD_DEBT_MDN10YR_SUPP,RPY_3YR_RT_SUPP,C150_4_POOLED_SUPP,C200_L4_POOLED_SUPP,md_earn_wne_p10,gt_25k_p6
60,181,312,5708,5708,Rudae's School of Beauty Culture-Ft Wayne,Fort Wayne,IN,1,3,11.0,,,,,,,,,0.0,138.0,0.8406,0.0797,0.0217,0.0,0.0072,0.0,0.0217,0.0,0.029,0.1884,,11327.0,0.5271,,1.0,,0.5,0.6404,0.2826,9500,105.469475,0.785953177,,0.812088591,13600,0.207253888
227,267,473,279,279,Le Cordon Bleu College of Culinary Arts-San Francisco,San Francisco,CA,1,3,11.0,,,,,,,,,0.0,489.0,0.0286,0.0061,0.0184,0.0429,0.002,0.0,0.0143,0.0,0.8875,0.0,,18868.0,0.4066,,0.7944,,,0.5669,0.544,12136,134.7344788,0.574247144,,0.572647423,32800,0.58801496
322,99,486,3540,3540,St Margaret School of Nursing,Pittsburgh,PA,1,2,21.0,465.0,465.0,,,,,,930.0,0.0,184.0,0.9348,0.0435,0.0054,0.0,0.0,0.0054,0.0,0.0,0.0109,0.375,,,0.374,,,,,0.2846,0.6087,16648,184.8269284,0.862903226,,0.734360938,PrivacySuppressed,0.877358496
318,149,452,6256,6256,Regency Beauty Institute-Madison,Madison,WI,1,3,12.0,,,,,,,,,0.0,49.0,0.3469,0.0816,0.0204,0.0,0.0,0.0,0.102,0.0,0.449,0.0,,20455.0,0.7609,,0.85,,,0.7391,0.3469,14144,157.0273952,0.47496977,,0.445325,19600,0.333333343
17,16,204,5707,5707,Westwood College-Anaheim,Anaheim,CA,3,3,11.0,,,,,,,,,0.0,772.0,0.1826,0.0168,0.1891,0.0324,0.0078,0.0078,0.0972,0.0,0.4663,0.2694,,21207.0,0.7884,0.6087,,1.0,,0.8367,0.3756,38747.5,430.1766824,0.471415292,0.488014671,,35000,0.544390082
24,60,305,3722,3722,Clemson University,Clemson,SC,3,1,21.0,610.0,635.0,550.0,29.0,,,,1259.0,0.0,16801.0,0.836,0.0626,0.0259,0.0177,0.0015,0.001,0.0211,0.0082,0.026,0.0481,12377.0,,0.1782,0.9194,,0.6429,,0.4174,0.0393,22388.5,248.5582464,0.936026023,0.820604838,,49400,0.740391314
137,86,494,1833,1833,Lincoln Technical Institute-Somerville,Somerville,MA,1,3,21.0,,,,,,,,,0.0,331.0,0.1843,0.3384,0.2961,0.0574,0.0,0.003,0.0453,0.0,0.0755,0.3595,,15654.0,0.7062,,0.7288,,0.5,0.7611,0.4804,9504,105.5138832,0.390612133,,0.534474061,31200,0.473020315
124,229,390,2827,2827,Farmingdale State College,Farmingdale,NY,3,1,21.0,470.0,495.0,,21.0,,,,969.0,0.0,7455.0,0.6145,0.1057,0.1543,0.0699,0.002,0.0048,0.0168,0.0276,0.0044,0.2072,10590.0,,0.2708,0.8234,,0.25,,0.3193,0.2464,15393,170.8938557,0.857230769,0.4462,,45600,0.693877578
294,243,35,7127,7127,ITT Technical Institute-Las Vegas,North Las Vegas,NV,2,3,21.0,,,,,,,,,0.0,569.0,0.29,0.2794,0.246,0.065,0.0123,0.0035,0.0685,0.0,0.0351,0.2302,,24450.0,0.7101,,,,,0.7681,0.7188,25833.5,286.8048087,0.394119686,,,38400,0.591855824
179,283,471,443,443,Manchester Beauty College,Fresno,CA,1,3,11.0,,,,,,,,,0.0,67.0,0.194,0.1045,0.5224,0.1194,0.0597,0.0,0.0,0.0,0.0,0.8955,,13061.0,0.0519,,0.6667,,0.6364,0.0,0.5224,,,,,0.581393023,18200,0.212598428
111,227,434,7306,7306,The Salon Professional Academy-Kokomo,Kokomo,IN,1,3,13.0,,,,,,,,,0.0,68.0,0.8529,0.0735,0.0441,0.0,0.0,0.0,0.0,0.0,0.0294,0.0,,16063.0,0.6444,,0.7857,,,0.5778,0.25,9833,109.1664577,,,0.693161364,,
114,143,287,5969,5969,Irene's Myomassology Institute,Southfield,MI,1,3,13.0,,,,,,,,,0.0,353.0,0.6799,0.2068,0.0255,0.0028,0.0,0.0283,0.0,0.0,0.0567,0.0,,25741.0,0.574,,,,,0.6055,0.6402,6598,73.2513259,0.725988701,,0.80531838,PrivacySuppressed,0.485436887
145,183,314,3350,3350,Phagans School of Hair Design-Portland,Portland,OR,1,3,11.0,,,,,,,,,0.0,132.0,0.6894,0.197,0.0606,0.0152,0.0152,0.0076,0.0,0.0,0.0152,0.0,,8900.0,0.9054,,0.5,,,0.8063,0.4924,16000,177.6328,0.549356223,,0.646691617,16000,0.330357134
168,381,169,1670,1670,McNeese State University,Lake Charles,LA,3,1,13.0,500.0,525.0,,22.0,23.0,22.0,,1030.0,0.0,6777.0,0.7152,0.189,0.0205,0.0145,0.0059,0.0015,0.0164,0.0357,0.0013,0.1208,8515.0,,0.3639,0.6913,,0.25,,0.4129,0.2107,21750,241.4695875,0.695116947,0.379528662,,36800,0.58359623
119,68,376,5808,5808,New York Automotive and Diesel Institute,Jamaica,NY,1,3,11.0,,,,,,,,,0.0,276.0,0.1304,0.5109,0.2717,0.0254,0.0326,0.0036,0.0036,0.0,0.0217,0.0,,20149.0,0.8075,,0.7069,,,0.7854,0.5254,9500,105.469475,0.427145709,,0.588369903,34800,0.429555893
143,275,292,640,640,West Valley College,Saratoga,CA,2,1,21.0,,,,,,,,,0.0,8470.0,0.48,0.0339,0.2318,0.1534,0.0031,0.0039,0.0486,0.0081,0.0372,0.6549,9086.0,,0.1545,,0.726,,0.4201,0.0086,0.3712,PrivacySuppressed,PrivacySuppressed,0.525316456,,0.336727227,33300,0.518518507
79,176,122,834,834,Edison State College,Fort Myers,FL,2,1,21.0,,,,,,,,,0.0,12850.0,0.5377,0.1237,0.2525,0.0174,0.0038,0.0021,0.0119,0.016,0.035,0.6329,11702.0,,0.3995,,,,,0.2507,0.35600000000000004,9750,108.2449875,0.611968385,0.295255712,,32300,0.556291401
228,200,386,1101,1101,Northwest Nazarene University,Nampa,ID,3,2,22.0,525.0,515.0,515.0,25.0,25.0,23.0,,1079.0,0.0,1251.0,0.7354,0.0144,0.0751,0.0144,0.0048,0.0032,0.016,0.0192,0.1175,0.1007,,19101.0,0.3735,0.7603,,1.0,,0.6407,0.2991,26050,289.2084025,0.870185449,0.522475803,,36500,0.614879668
173,197,374,4103,4103,University of Cosmetology Arts & Sciences-McAllen,McAllen,TX,1,3,12.0,,,,,,,,,0.0,173.0,0.0289,0.0,0.9306,0.0,0.0,0.0,0.0,0.0405,0.0,0.6185,,11477.0,0.5791,,0.5,,0.9444,0.481,0.474,6055,67.22291275,0.44499382,,0.797201399,15200,0.140786752
260,303,14,5391,5391,D'Mart Institute,Barranquitas,PR,1,3,21.0,,,,,,,,,0.0,1550.0,0.0,0.0,1.0,0.0,0.0,0.0,0.0,0.0,0.0,0.1684,,10420.0,0.7513,,0.9858,,0.8478,0.0,0.3523,,,,,0.608395885,13800,0.15463917
31,126,299,3698,3698,Providence College,Providence,RI,3,2,12.0,570.0,585.0,585.0,26.0,,,,1158.0,0.0,3969.0,0.7667,0.0411,0.0675,0.0118,0.0013,0.0018,0.0154,0.0186,0.0758,0.0448,,34841.0,0.1341,0.9078,,,,0.5326,0.0689,27000,299.75535,0.956594324,0.858891103,,59600,0.831275702
247,397,413,7198,7198,Virginia College-Spartanburg,Spartanburg,SC,1,3,22.0,,,,,,,,,0.0,495.0,0.4121,0.5475,0.0222,0.0061,0.002,0.0,0.0081,0.0,0.002,0.3636,,16042.0,0.9289,,0.7908,,0.5882,0.8003,0.5818,19000,210.93895,0.256332599,,,26400,0.389043003
253,207,510,333,333,Marinello Schools of Beauty-Ogden,Ogden,UT,0,3,,,,,,,,,,,,,,,,,,,,,,,,,,,,,,,9960,110.576418,0.264615385,,,,
290,134,316,2663,2663,CUNY School of Law at Queens College,Long Island City,NY,4,1,11.0,,,,,,,,,0.0,,,,,,,,,,,,,,,,,,,,,PrivacySuppressed,PrivacySuppressed,PrivacySuppressed,,,62000,0.87378639
237,138,268,4650,4650,ECPI University-Culinary Institute of Virginia,Norfolk,VA,0,3,,,,,,,,,,,,,,,,,,,,,,,,,,,,,,,20000,222.041,0.528502494,,,,
109,92,203,530,530,Pitzer College,Claremont,CA,3,2,21.0,,,,,,,,,0.0,1081.0,0.4949,0.0472,0.1508,0.0629,0.0037,0.0009,0.0823,0.0509,0.1064,0.0342,,25807.0,0.1614,0.908,,,,0.3625,0.0463,15088,167.5077304,0.942028986,0.843497561,,45300,0.565217376
147,327,161,6805,6805,Advanced Welding Institute,South Burlington,VT,1,3,13.0,,,,,,,,,0.0,53.0,0.9623,0.0,0.0,0.0,0.0,0.0,0.0377,0.0,0.0,0.0,,21154.0,0.5082,,,,,0.7705,0.1698,5077,56.36510785,0.648648649,,PrivacySuppressed,,
59,157,402,4988,4988,Cain's Barber College Inc,Chicago,IL,1,3,11.0,,,,,,,,,0.0,85.0,0.0,0.9647,0.0353,0.0,0.0,0.0,0.0,0.0,0.0,0.1412,,8184.0,0.7284,,0.4545,,0.0,0.5309,0.7412,4475,49.68167375,,,0.438501604,15200,0.301724136
256,383,474,6810,6810,The Ohio Academy Paul Mitchell Partner School-Cleveland,Twinsburg,OH,1,3,21.0,,,,,,,,,0.0,181.0,0.6077,0.3315,0.0221,0.011,0.0,0.0,0.0166,0.0,0.011,0.2762,,12506.0,0.4727,,0.7,,0.4286,0.5703,0.3702,16294,180.8968027,PrivacySuppressed,,0.8793,,
15,361,273,7170,7170,Milan Institute of Cosmetology-El Paso,El Paso,TX,1,3,11.0,,,,,,,,,0.0,458.0,0.0502,0.0459,0.8908,0.0044,0.0087,0.0,0.0,0.0,0.0,0.0,,15270.0,0.4511,,0.5636,,,0.4466,0.4847,14252,158.2264166,0.291276491,,,18900,0.228511527
6,333,259,216,216,American Academy of Dramatic Arts-Los Angeles,Los Angeles,CA,2,2,11.0,,,,,,,,,0.0,258.0,0.4612,0.0775,0.1512,0.0116,0.0233,0.0039,0.0271,0.2248,0.0194,0.0,,41436.0,0.4163,,0.633,,,0.5701,0.1589,13240,146.991142,0.681818182,,0.634754783,30200,0.416666657
232,230,342,6779,6779,Studio Academy of Beauty,Chandler,AZ,1,3,21.0,,,,,,,,,0.0,363.0,0.5675,0.1047,0.259,0.0138,0.0386,0.0028,0.0138,0.0,0.0,0.0,,11016.0,0.8227,,0.708,,,0.9086,0.5675,6333,70.30928265,0.545454545,,0.739745205,,
211,254,351,4537,4537,University of Puerto Rico-Aguadilla,Ramey,PR,3,1,21.0,515.0,523.0,,,,,,1038.0,0.0,2886.0,0.0073,0.001,0.9106,0.0003,0.0003,0.0,0.0017,0.0,0.0787,0.0655,2146.0,,0.8109999999999999,0.831,,1.0,,0.116,0.0696,5500,61.061275,PrivacySuppressed,0.345251053,,,
93,103,67,783,783,Beebe Medical Center Margaret H Rollins School of Nursing,Lewes,DE,1,2,32.0,,,,,,,,,0.0,55.0,0.9091,0.0364,0.0182,0.0,0.0,0.0,0.0,0.0364,0.0,0.0,,,0.5,,,,,0.5,0.4909,PrivacySuppressed,PrivacySuppressed,PrivacySuppressed,,,PrivacySuppressed,PrivacySuppressed
30,312,496,907,907,Miami Lakes Educational Center,Miami Lakes,FL,1,1,21.0,,,,,,,,,0.0,1158.0,0.1874,0.4775,0.3238,0.006,0.0,0.0,0.0052,0.0,0.0,0.3549,9011.0,,0.2675,,0.8032,,0.8984,0.0,0.1891,,,PrivacySuppressed,,0.244164335,31700,0.46808511
22,18,280,5814,5814,Everest Institute-Dearborn,Dearborn,MI,1,3,13.0,,,,,,,,,0.0,666.0,0.3018,0.5165,0.0691,0.009000000000000001,0.0045,0.0045,0.0375,0.0,0.0571,0.0,,25387.0,0.7579,,0.5738,,,0.6323,0.4715,9500,105.469475,0.246345531,,0.640908091,21200,0.30776757
286,273,171,2348,2348,Fort Peck Community College,Poplar,MT,2,1,33.0,,,,,,,,,0.0,350.0,0.0914,0.0114,0.0086,0.0086,0.8686,0.0,0.0,0.0,0.0114,0.3486,2137.0,,0.3584,,0.4444,,0.0,0.0,0.5259,,,,,0.159996,16300,0.24848485
296,363,328,3442,3442,Calvary Baptist Theological Seminary,Lansdale,PA,4,2,21.0,,,,,,,,,0.0,,,,,,,,,,,,,,,,,,,,,PrivacySuppressed,PrivacySuppressed,PrivacySuppressed,,,,PrivacySuppressed
56,109,238,4900,4900,Upper Cape Cod Regional Technical School,Bourne,MA,1,1,22.0,,,,,,,,,0.0,59.0,0.7966,0.0,0.0678,0.0,0.0169,0.0,0.1186,0.0,0.0,0.0,20928.0,,0.5254,,1.0,,,0.7966,0.7119,9500,105.469475,0.586206897,,0.913392126,PrivacySuppressed,PrivacySuppressed
177,224,127,6637,6637,Strayer University-North Charlotte,Charlotte,NC,0,3,,,,,,,,,,,,,,,,,,,,,,,,,,,,,,,39499.5,438.525424,0.444774917,,,51700,0.722576857
10,210,472,2031,2031,Northwestern Michigan College,Traverse City,MI,2,1,33.0,,,,,,,,,0.0,4241.0,0.863,0.0257,0.0116,0.02,0.0054,0.0007,0.0217,0.0047,0.0472,0.5513,8333.0,,0.4131,,,,,0.3904,0.3597,15888,176.3893704,0.620921802,0.1519,,28200,0.446093738
221,98,368,5060,5060,The Bryman School of Arizona,Phoenix,AZ,1,3,11.0,,,,,,,,,0.0,594.0,0.271,0.0657,0.3451,0.0253,0.1094,0.0,0.0421,0.0,0.1414,0.0,,26667.0,0.7003,,0.7919,,,0.7947,0.5101,10976,121.8561008,0.471404959,,0.828375603,27700,0.419608533
246,40,403,2574,2574,Adelphi University,Garden City,NY,3,2,21.0,550.0,570.0,560.0,22.0,23.0,25.0,8.0,1098.0,0.0,5000.0,0.5296,0.1062,0.1336,0.0756,0.0016,0.002,0.022,0.0396,0.0898,0.0952,,32781.0,0.2951,0.8112,,0.3333,,0.6059,0.1562,25000,277.55125,0.873628994,0.641871328,,50600,0.766710341
81,301,64,1357,1357,Indiana University-Southeast,New Albany,IN,3,1,21.0,475.0,475.0,460.0,20.0,19.0,20.0,7.0,950.0,0.0,5699.0,0.8579,0.0602,0.0288,0.014,0.0018,0.0018,0.0239,0.0033,0.0084,0.3608,11550.0,,0.3439,0.6081,,0.4583,,0.4133,0.3053,22915,254.4034758,0.720419847,0.288737682,,34000,0.605985045
155,255,400,5184,5184,Empire Beauty School-Malden,Malden,MA,1,3,21.0,,,,,,,,,0.0,155.0,0.4968,0.1871,0.1613,0.0839,0.0065,0.0,0.0065,0.0,0.0581,0.1935,,14408.0,0.5907,,0.7419,,0.7778,0.5946,0.4258,8167,90.67044235,0.541509434,,0.58256055,18500,0.297297299
39,108,396,4614,4614,Razzle Dazzle College of Hair Design Inc,Nampa,ID,1,3,22.0,,,,,,,,,0.0,117.0,0.8034,0.0,0.1795,0.0,0.0,0.0,0.0171,0.0,0.0,0.0,,15420.0,0.5673,,0.5263,,,0.5962,0.4188,12910,143.3274655,0.56779661,,0.87096129,15800,0.140625
238,62,116,2859,2859,Torah Temimah Talmudical Seminary,Brooklyn,NY,3,2,11.0,,,,,,,,,0.0,180.0,0.9778,0.0,0.0,0.0,0.0,0.0,0.0,0.0222,0.0,0.0,,7851.0,0.3194,0.4808,,,,0.0,,PrivacySuppressed,PrivacySuppressed,PrivacySuppressed,0.023489412,,PrivacySuppressed,PrivacySuppressed
104,223,354,655,655,Bel-Rea Institute of Animal Technology,Denver,CO,2,3,11.0,,,,,,,,,0.0,576.0,0.7413,0.0208,0.1302,0.0122,0.0,0.0,0.0556,0.0017,0.0382,0.0,,21736.0,0.5088,,0.6395,,,0.7493,0.4444,28731,318.9729986,0.757097792,,0.619151507,30600,0.528017223
157,179,246,7530,7530,Alexander Academy,Fitchburg,MA,1,3,22.0,,,,,,,,,0.0,29.0,0.4483,0.2759,0.2759,0.0,0.0,0.0,0.0,0.0,0.0,0.0,,22121.0,0.6034,,0.4167,,,0.5517,0.4483,8930,99.1413065,,,,,
195,28,506,1557,1557,Asbury Theological Seminary,Wilmore,KY,4,2,31.0,,,,,,,,,0.0,,,,,,,,,,,,,,,,,,,,,,,PrivacySuppressed,,,40000,0.733870983
316,257,41,107,107,Anthem College-Phoenix,Phoenix,AZ,2,3,11.0,,,,,,,,,0.0,2238.0,0.4303,0.269,0.1649,0.0125,0.0478,0.0004,0.0277,0.0,0.0474,0.0,,28541.0,0.7791,0.875,,,,0.8631,0.6997,14024,155.6951492,0.510501879,0.547663019,,29500,0.467202514
208,407,372,3658,3658,Temple University,Philadelphia,PA,3,1,11.0,555.0,565.0,555.0,25.0,25.0,25.0,7.0,1121.0,0.0,27511.0,0.6028,0.1352,0.0542,0.1011,0.0019,0.0009,0.0232,0.0348,0.0458,0.1058,20845.0,,0.3352,0.8883,,0.6957,,0.6583,0.1241,25799,286.421788,0.862263979,0.661003279,,46500,0.706463337
126,182,370,7078,7078,Unitek College,Fremont,CA,1,3,21.0,,,,,,,,,0.0,904.0,0.1283,0.0409,0.156,0.3097,0.0011,0.0199,0.0531,0.0022,0.2887,0.0,,28463.0,0.4985,,,,,0.6397,0.5774,10281,114.1401761,1,0.790922042,,,
66,119,271,1397,1397,Saint Elizabeth School of Nursing,Lafayette,IN,1,2,13.0,465.0,475.0,460.0,,,,,940.0,0.0,269.0,0.9145,0.0483,0.0297,0.0,0.0037,0.0037,0.0,0.0,0.0,0.2119,,26617.0,0.4743,,0.75,,,0.8577,0.4721,31250,346.9390625,0.883211679,,0.500005882,41800,0.783333361
271,1,477,439,439,Los Medanos College,Pittsburg,CA,2,1,21.0,,,,,,,,,0.0,7502.0,0.2831,0.159,0.36,0.0985,0.0025,0.0071,0.0666,0.004,0.0191,0.6485,8387.0,,0.2708,,0.7190000000000001,,0.5206,0.0089,0.3249,PrivacySuppressed,PrivacySuppressed,0.62195122,,0.323786248,34300,0.487627357
18,388,21,6218,6218,University of Phoenix-Austin Campus,Austin,TX,3,3,11.0,,,,,,,,,0.0,704.0,0.1776,0.2401,0.1591,0.0043,0.0028,0.0071,0.0213,0.0085,0.3793,0.0,,19745.0,0.5522,0.4359,,,,0.5174,0.8793,35500,394.122775,0.406534043,0.107843137,,53400,0.705231071
198,336,389,1092,1092,Eastern Idaho Technical College,Idaho Falls,ID,1,1,13.0,,,,,,,,,0.0,575.0,0.7774,0.0017,0.1809,0.0122,0.006999999999999999,0.0139,0.0052,0.0,0.0017,0.4974,8164.0,,0.7236,,0.6216,,0.4483,0.5242,0.6041,11593,128.7060657,0.717032967,,0.607121429,28400,0.452531636
163,387,252,880,880,Keiser University-Daytona,Daytona Beach,FL,0,2,,,,,,,,,,,,,,,,,,,,,,,,,,,,,,,27500,305.306375,0.468016739,,,29600,0.549784839
203,240,405,4800,4800,ITT Technical Institute-Austin,Austin,TX,2,3,11.0,,,,,,,,,0.0,432.0,0.412,0.1898,0.3264,0.0093,0.0139,0.0,0.0185,0.0,0.0301,0.1944,,23380.0,0.6759,,,,,0.7509999999999999,0.7338,25833.5,286.8048087,0.394119686,0.36530274,,38400,0.591855824
19,248,394,2249,2249,Ozarks Technical Community College,Springfield,MO,2,1,12.0,,,,,,,,,0.0,13087.0,0.8955,0.0322,0.0313,0.0096,0.0074,0.0,0.0015,0.0002,0.0224,0.4731,8091.0,,0.5715,,0.5913,,0.4096,0.6914,0.3873,14250,158.2042125,0.543905636,,0.228854372,27500,0.44152227
231,409,458,7639,7639,The College of Health Care Professions-Fort Worth,Fort Worth,TX,0,3,11.0,,,,,,,,,0.0,208.0,0.3846,0.2212,0.3413,0.0385,0.0,0.0048,0.0048,0.0,0.0048,0.0,,24859.0,0.585,,,,,0.7075,0.4808,9500,105.469475,0.466543892,,,,
92,220,367,5749,5749,Pierce College at Puyallup,Puyallup,WA,2,1,21.0,,,,,,,,,0.0,2731.0,0.621,0.0432,0.0817,0.0472,0.006999999999999999,0.0114,0.0776,0.0073,0.1036,0.532,9381.0,,0.3044,,0.5119,,0.4857,0.1893,0.2821,12704,141.0404432,0.649817296,,0.23873038,34200,0.558011055
69,238,242,291,291,CET-El Centro,El Centro,CA,1,2,13.0,,,,,,,,,0.0,234.0,0.0171,0.0085,0.9658,0.0,0.0085,0.0,0.0,0.0,0.0,0.0,,-264.0,0.4565,,0.8519,,,0.0783,0.5897,5450,60.5061725,0.340693196,,0.903872093,21600,0.354960531
210,282,200,6087,6087,Medical Professional Institute,Malden,MA,1,3,21.0,,,,,,,,,0.0,283.0,0.2367,0.4947,0.1696,0.0318,0.0071,0.0,0.0,0.0,0.0601,0.5406,,16732.0,0.401,,1.0,,0.5938,0.6822,0.6961,13131,145.7810186,0.569230769,,0.795879592,PrivacySuppressed,PrivacySuppressed
96,365,134,7589,7589,ITT Technical Institute-Salem,Salem,OR,0,3,12.0,,,,,,,,,0.0,191.0,0.7801,0.0209,0.0733,0.0105,0.0314,0.0052,0.0262,0.0,0.0524,0.1466,,22403.0,0.7955,,,,,0.8864,0.6806,25833.5,286.8048087,0.394119686,,,,
97,167,123,5992,5992,Pierpont Community and Technical College,Fairmont,WV,2,1,32.0,,,,,,,,,0.0,2108.0,0.8278,0.102,0.0209,0.0047,0.0028,0.0019,0.0261,0.0005,0.0133,0.1902,9045.0,,0.519,,0.3843,,0.3286,0.586,0.2993,14975,166.2531988,0.37309417,,0.1614475,,
172,136,422,2549,2549,Institute of American Indian and Alaska Native Culture,Santa Fe,NM,3,1,41.0,,,,,,,,,0.0,225.0,0.04,0.0,0.0267,0.0089,0.8578,0.0044,0.0,0.0444,0.0178,0.28,10181.0,,0.3944,0.6923,,1.0,,0.0,0.3546,PrivacySuppressed,PrivacySuppressed,0.457142857,0.268319512,,21300,0.210526317
68,249,221,2510,2510,P B Cosmetology Education Center,Gloucester,NJ,1,3,21.0,,,,,,,,,0.0,180.0,0.6778,0.1111,0.1556,0.0111,0.0,0.0,0.0444,0.0,0.0,0.2778,,17473.0,0.3936,,0.8333,,1.0,0.6028,0.2722,10208.5,113.3352774,0.67578125,,0.74735614,21600,0.270000011
23,393,443,221,221,American Conservatory Theater,San Francisco,CA,1,2,11.0,,,,,,,,,0.0,0.0,0.0,0.0,0.0,0.0,0.0,0.0,0.0,0.0,0.0,,,,,,,,,,,,,PrivacySuppressed,,,PrivacySuppressed,PrivacySuppressed
37,199,294,2333,2333,Westminster College,Fulton,MO,3,2,32.0,470.0,540.0,475.0,24.0,25.0,23.0,8.0,1090.0,0.0,1022.0,0.6644,0.0587,0.0323,0.0108,0.0245,0.001,0.0108,0.1732,0.0245,0.0059,,18948.0,0.2844,0.7799,,,,0.7596,0.0273,27000,299.75535,0.828908555,0.696592814,,41500,0.632478654
249,216,258,691,691,Metropolitan State University of Denver,Denver,CO,3,1,11.0,525.0,540.0,,21.0,20.0,20.0,,973.0,0.0,21696.0,0.6064,0.0604,0.2095,0.0342,0.0073,0.0026,0.0338,0.0046,0.0412,0.3994,10586.0,,0.3851,0.6579999999999999,,0.4757,,0.512,0.4505,25000,277.55125,0.70956584,0.254927534,,38600,0.622741282
67,222,425,3519,3519,King's College,Wilkes-Barre,PA,3,2,13.0,,,,,,,,,0.0,1987.0,0.7952,0.0267,0.0689,0.0201,0.0015,0.001,0.0186,0.0015,0.0664,0.0332,,24541.0,0.2917,0.7563,,,,0.7659999999999999,0.056,27000,299.75535,0.879604672,0.66991607,,48900,0.740648389
268,259,416,430,430,Los Angeles Harbor College,Wilmington,CA,2,1,11.0,,,,,,,,,0.0,8719.0,0.1364,0.1215,0.569,0.1038,0.0021,0.0095,0.029,0.006,0.0228,0.7127,8346.0,,0.3478,,0.6898,,0.5411,0.0146,0.3357,5542,61.5275611,0.5703125,,0.252810754,29700,0.485398591
146,274,98,2495,2495,Lincoln Technical Institute-Union,Union,NJ,1,3,21.0,,,,,,,,,0.0,1171.0,0.2297,0.35700000000000004,0.3049,0.0359,0.0026,0.0017,0.0529,0.0017,0.0137,0.1691,,15421.0,0.6661,,0.8015,,0.6098,0.7398,0.3313,12473.5,138.4814207,0.42204644,,0.575730367,37300,0.55259937
125,202,112,1498,1498,Central Christian College of Kansas,McPherson,KS,3,2,33.0,440.0,485.0,,21.0,20.0,22.0,,970.0,0.0,765.0,0.5451,0.1804,0.0797,0.0078,0.0118,0.0092,0.0118,0.0209,0.1333,0.034,,19630.0,0.6166,0.6261,,,,0.7411,0.4243,21035,233.5316218,0.811594203,0.473391489,,31100,0.485029936
176,120,375,5190,5190,Capri Institute of Hair Design-Kenilworth,Kenilworth,NJ,1,3,21.0,,,,,,,,,0.0,153.0,0.3987,0.2026,0.3595,0.0327,0.0,0.0,0.0,0.0,0.0065,0.281,,21731.0,0.348,,0.8421,,1.0,0.4291,0.4444,7722,85.7300301,0.647887324,,0.732564535,22300,0.434782594
86,6,211,2826,2826,SUNY College of Agriculture and Technology at Cobleskill,Cobleskill,NY,2,1,32.0,495.0,495.0,,19.0,,,,975.0,0.0,2411.0,0.7623,0.1107,0.0966,0.0124,0.0033,0.0,0.0,0.0137,0.0008,0.061,15280.0,,0.4835,0.7405,,,,0.695,0.1027,17750,197.0613875,0.766015201,0.321356375,,34800,0.514307797
284,315,236,2111,2111,Metropolitan State University,Saint Paul,MN,3,1,11.0,,,,,,,,,0.0,7322.0,0.5986,0.1648,0.0444,0.1162,0.0071,0.0008,0.0412,0.0152,0.0116,0.6142,12314.0,,0.4156,0.6119,,0.5385,,0.5207,0.7164,18750,208.1634375,0.804911323,0.34283619,,43600,0.760304391
281,264,524,2182,2182,Delta Beauty College,Greenville,MS,1,3,33.0,,,,,,,,,0.0,50.0,0.1,0.88,0.0,0.0,0.0,0.02,0.0,0.0,0.0,0.0,,4072.0,0.6111,,0.5,,,0.0,0.48,,,,,0.638922222,14400,0.139784947
285,88,114,672,672,Empire Beauty School-Lakewood,Lakewood,CO,1,3,12.0,,,,,,,,,0.0,62.0,0.4677,0.1129,0.3548,0.0161,0.0161,0.0,0.0,0.0,0.0323,0.0,,13059.0,0.8039,,0.619,,,0.7059,0.5968,9046.5,100.4346953,0.386120996,,0.4341,24000,0.327868849
202,51,66,3395,3395,Corban University Puget Sound Campus,Tacoma,WA,0,2,,,,,,,,,,,,,,,,,,,,,,,,,,,,,,,24493,271.9225107,0.895424837,,,34200,0.562326849
254,212,164,746,746,Mitchell College,New London,CT,3,2,13.0,,,,,,,,,0.0,802.0,0.6983,0.1359,0.0773,0.0212,0.0125,0.0,0.0474,0.0075,0.0,0.0686,,28585.0,0.338,0.6483,,1.0,,0.6923,0.0889,26708,296.5135514,0.704761905,0.396545474,,29800,0.486013979
152,11,154,7798,7798,American College of Healthcare,Huntington Park,CA,0,3,21.0,,,,,,,,,0.0,73.0,0.0,0.0822,0.9178,0.0,0.0,0.0,0.0,0.0,0.0,0.0,,8950.0,0.7,,,,,0.725,0.4521,9500,105.469475,0.154882155,,,,
225,47,382,6750,6750,MediaTech Institute-Dallas,Dallas,TX,1,3,21.0,,,,,,,,,0.0,176.0,0.2898,0.4886,0.1818,0.0,0.0057,0.0,0.0341,0.0,0.0,0.0,,18507.0,0.9328,,0.9933,,,0.9328,0.3523,9500,105.469475,0.545977011,,0.829082278,,PrivacySuppressed
239,135,373,710,710,Intellitec College-Colorado Springs,Colorado Springs,CO,2,3,11.0,,,,,,,,,0.0,815.0,0.6503,0.1509,0.1534,0.0147,0.0074,0.0037,0.0,0.0,0.0196,0.0,,13930.0,0.965,,0.8537,,,0.7638,0.7141,18752,208.1856416,0.345736434,,0.824471809,30800,0.503086448
222,292,448,4416,4416,Gill-Tech Academy of Hair Design,Appleton,WI,1,3,22.0,,,,,,,,,0.0,113.0,0.7965,0.0796,0.0619,0.0177,0.0088,0.0,0.0177,0.0,0.0177,0.177,,10444.0,0.2525,,0.84,,0.8,0.3333,0.3363,9552.5,106.0523326,0.651515152,,0.844,19900,0.25
129,400,257,3308,3308,Oklahoma City Community College,Oklahoma City,OK,2,1,11.0,,,,,,,,,0.0,12594.0,0.5646,0.0857,0.0909,0.0383,0.0543,0.0032,0.0285,0.0639,0.0706,0.6353,6944.0,,0.425,,0.4424,,0.3099,0.2379,0.4038,9750,108.2449875,0.499193982,,0.16330122,33000,0.563845038
38,391,160,3106,3106,Cuyahoga Community College District,Cleveland,OH,2,1,11.0,,,,,,,,,0.0,14357.0,0.5361,0.3072,0.0504,0.0199,0.0075,0.0,0.0054,0.0166,0.0569,0.6125,5832.0,,0.4696,,0.4751,,0.3417,0.2578,0.4933,10335.5,114.7452378,0.420219853,,0.063685441,27600,0.411674827
240,128,324,6755,6755,Global Health College,Alexandria,VA,1,3,12.0,,,,,,,,,0.0,265.0,0.0302,0.2981,0.0528,0.0453,0.0,0.0,0.0075,0.3132,0.2528,0.6491,,38420.0,0.2929,,0.6452,,0.65,0.41,0.8453,14390,159.7584995,0.658536585,,0.607928904,,
223,215,197,2927,2927,Fayetteville Beauty College,Fayetteville,NC,1,3,12.0,,,,,,,,,0.0,47.0,0.0851,0.7447,0.1702,0.0,0.0,0.0,0.0,0.0,0.0,0.0213,,8711.0,0.7586,,0.5714,,,0.4483,0.5532,9500,105.469475,0.219178082,,0.5999552,13700,PrivacySuppressed
167,233,44,227,227,Associated Technical College-San Diego,San Diego,CA,1,3,11.0,,,,,,,,,0.0,110.0,0.1636,0.3818,0.4273,0.0091,0.0,0.0091,0.0,0.0,0.0091,0.0,,20138.0,0.9834,,,,,0.9448,0.5455,9500,105.469475,0.62962963,,0.70319863,19500,0.34523809
112,123,165,297,297,Cerro Coso Community College,Ridgecrest,CA,2,1,41.0,,,,,,,,,0.0,4029.0,0.5001,0.0494,0.3328,0.0345,0.0221,0.001,0.0541,0.0017,0.0042,0.7684,5413.0,,0.1763,,0.5764,,0.2866,0.0,0.5359,PrivacySuppressed,PrivacySuppressed,0.634615385,,0.196115385,24900,0.384920627
209,206,347,1978,1978,Michigan State University-College of Law,East Lansing,MI,4,2,13.0,,,,,,,,,0.0,,,,,,,,,,,,,,,,,,,,,,,PrivacySuppressed,,,PrivacySuppressed,PrivacySuppressed
196,170,143,505,505,Adrian's College of Beauty Modesto,Modesto,CA,1,3,12.0,,,,,,,,,0.0,275.0,0.2618,0.0655,0.4727,0.0545,0.0,0.0073,0.12,0.0,0.0182,0.0,,14768.0,0.7216,,0.8148,,,0.5081,0.28,10836,120.3018138,0.43373494,,0.586791698,14600,0.217391297
117,97,296,3921,3921,Baptist Health System School of Health Professions,San Antonio,TX,2,3,11.0,,,,,,,,,0.0,444.0,0.4279,0.0563,0.4257,0.0428,0.0113,0.018000000000000002,0.018000000000000002,0.0,0.0,0.0,,,0.5383,,,,,0.9333,0.455,19678,218.4661399,0.855153203,,,60800,PrivacySuppressed
310,160,198,6551,6551,Carlson College of Massage Therapy,Anamosa,IA,1,3,42.0,,,,,,,,,0.0,26.0,0.9615,0.0,0.0385,0.0,0.0,0.0,0.0,0.0,0.0,0.0,,10935.0,0.5758,,,,,0.7576,0.6154,6702,74.4059391,0.85,,0.971414286,,
324,87,118,1876,1876,Massachusetts Maritime Academy,Buzzards Bay,MA,3,1,22.0,505.0,550.0,485.0,22.0,,,,1051.0,0.0,1362.0,0.9031,0.0169,0.0147,0.0264,0.0169,0.0,0.0,0.0051,0.0169,0.0213,16546.0,,0.18600000000000005,0.85,,,,0.7462,0.0363,27000,299.75535,0.919191919,0.639254118,,79500,0.841463387
304,48,24,5121,5121,Delta College Inc,Covington,LA,1,3,41.0,,,,,,,,,0.0,102.0,0.6961,0.2157,0.0588,0.0,0.0098,0.0,0.0196,0.0,0.0,0.0,,15592.0,0.6731,,0.7097,,,0.6648,0.2843,4916,54.5776778,0.608695652,,0.621076682,20300,0.32780084
164,398,491,5281,5281,Cosmetology Schools Inc,Stillwater,OK,1,3,32.0,,,,,,,,,0.0,18.0,0.8333,0.1111,0.0,0.0,0.0556,0.0,0.0,0.0,0.0,0.0,,7575.0,0.5357,,0.7273,,,0.6607,0.2222,PrivacySuppressed,PrivacySuppressed,0.358490566,,0.88713871,PrivacySuppressed,PrivacySuppressed
331,71,449,5409,5409,Adirondack Beauty School,Glens Falls,NY,1,3,13.0,,,,,,,,,0.0,24.0,0.9583,0.0,0.0,0.0,0.0,0.0,0.0417,0.0,0.0,0.0,,10194.0,0.7895,,0.9167,,,0.8684,0.25,8156.5,90.55387083,0.657894737,,0.717365217,PrivacySuppressed,PrivacySuppressed
234,288,378,3975,3975,University of Houston-Victoria,Victoria,TX,3,1,13.0,440.0,469.0,,19.0,17.0,19.0,,903.0,0.0,2879.0,0.4022,0.1657,0.3109,0.0705,0.0024,0.0024,0.0233,0.0149,0.0076,0.4915,9766.0,,0.4369,0.4781,,0.2222,,0.4932,0.5579999999999999,16844,187.0029302,0.829268293,,,39300,0.733333349
154,185,297,347,347,Marinello School of Beauty-San Mateo,San Mateo,CA,0,3,,,,,,,,,,,,,,,,,,,,,,,,,,,,,,,10000,111.0205,0.41712404,,,,
219,213,317,6081,6081,Institute of Beauty Occupation and Technology Course,Moca,PR,1,3,21.0,,,,,,,,,0.0,52.0,0.0,0.0,1.0,0.0,0.0,0.0,0.0,0.0,0.0,0.0,,6060.0,1.0,,0.85,,,0.0,0.2308,,,,,0.966302247,,0.165803105
2,31,249,1620,1620,Empire Beauty School-Dixie,Louisville,KY,1,3,11.0,,,,,,,,,0.0,123.0,0.1789,0.748,0.0,0.0,0.0,0.0,0.0163,0.0,0.0569,0.1301,,12096.0,0.8545,,0.7826,,0.2,0.7136,0.3902,8275,91.86946375,0.669099757,,0.390740397,14800,0.224137932
115,321,517,558,558,San Francisco Art Institute,San Francisco,CA,3,2,11.0,540.0,505.0,535.0,25.0,27.0,22.0,,1061.0,0.0,468.0,0.4765,0.0192,0.1645,0.0534,0.0085,0.0043,0.0919,0.1261,0.0556,0.0598,,41414.0,0.3267,0.6543,,0.0,,1.0,0.2029,24000,266.4492,0.802955665,0.3039928,,24600,0.435114503
175,115,92,5831,5831,Miami Ad School-Minneapolis,Minneapolis,MN,1,3,11.0,,,,,,,,,0.0,18.0,0.8333,0.0556,0.1111,0.0,0.0,0.0,0.0,0.0,0.0,0.0,,,0.069,,,,,0.7586,0.7222,24055.5,267.0653638,0.906504065,,,64700,0.857142866
267,309,216,5160,5160,University of Phoenix-Bay Area Campus,San Jose,CA,3,3,11.0,,,,,,,,,0.0,1374.0,0.1638,0.139,0.1703,0.0691,0.0051,0.0364,0.0357,0.016,0.3646,0.0,,19642.0,0.5353,0.4634,,,,0.6299,0.8464,35500,394.122775,0.406534043,0.135344954,,53400,0.705231071
120,23,195,5783,5783,Fortis College-Orange Park,Orange Park,FL,1,3,21.0,,,,,,,,,0.0,266.0,0.5564,0.2895,0.094,0.0226,0.0038,0.0,0.0226,0.0,0.0113,0.0,,18674.0,0.5526,,0.625,,,0.5994,0.4586,11833,131.3705577,0.409628378,,0.66357853,23500,0.379897773
282,241,159,7548,7548,SAE Institute of Technology-Los Angeles,Los Angeles,CA,1,3,11.0,,,,,,,,,0.0,225.0,0.3644,0.16,0.2044,0.0756,0.0,0.0178,0.0133,0.1067,0.0578,0.3644,,31154.0,0.5660000000000001,,0.8769,,0.7885,0.7509,0.3467,9500,105.469475,,,,,
291,306,379,6048,6048,Empire Beauty School-Midlothian,Midlothian,VA,1,3,21.0,,,,,,,,,0.0,145.0,0.3793,0.469,0.0621,0.0069,0.0069,0.0,0.0483,0.0,0.0276,0.2138,,14130.0,0.7639,,0.6739,,0.6364,0.7296,0.3793,8167,90.67044235,0.541509434,,0.5333,21200,0.311023623
127,67,490,252,252,Alliant International University-Sacramento,Sacramento,CA,0,2,,,,,,,,,,,,,,,,,,,,,,,,,,,,,,,2000,22.2041,0.786259542,,,51800,0.814285696
74,325,269,4387,4387,West Virginia State University,Institute,WV,3,1,22.0,450.0,425.0,420.0,20.0,20.0,19.0,,942.0,0.0,2195.0,0.4615,0.1171,0.0055,0.0036,0.0055,0.0,0.0,0.0055,0.4014,0.1535,8505.0,,0.4612,0.5176,,0.5,,0.5265,0.3139,23787.5,264.0900144,0.599637681,0.20566383,,29500,0.449814141
29,311,279,124,124,Pima Medical Institute-Tucson,Tucson,AZ,1,3,11.0,,,,,,,,,0.0,1726.0,0.4334,0.0603,0.3917,0.0429,0.0139,0.0064,0.0365,0.0023,0.0127,0.0,,16972.0,0.4898,0.8056,,,,0.6147,0.6153,9498,105.4472709,0.614709852,0.657440957,,27600,0.512696266
83,111,81,5055,5055,Empire Beauty School-Brooklyn,Brooklyn,NY,1,3,11.0,,,,,,,,,0.0,63.0,0.2381,0.4603,0.2222,0.0476,0.0159,0.0,0.0159,0.0,0.0,0.0,,14043.0,0.9231,,,,,0.9231,0.4286,9522,105.7137201,0.473684211,,0.719990857,16900,0.275743693
279,52,234,4267,4267,Wards Corner Beauty Academy-Norfolk,Norfolk,VA,1,3,12.0,,,,,,,,,0.0,152.0,0.0395,0.9211,0.0263,0.0066,0.0,0.0,0.0066,0.0,0.0,0.0,,13819.0,0.9854,,0.8,,,1.0,0.6513,16500,183.183825,0.164335664,,0.176917308,17600,0.243654817
107,147,253,5286,5286,Johnson & Wales University-North Miami,North Miami,FL,3,2,21.0,,,,,,,,,0.0,1937.0,0.2039,0.2623,0.2385,0.0088,0.0021,0.001,0.0382,0.1172,0.128,0.0268,,21973.0,0.5593,0.6969,,0.25,,0.8251,0.0845,27000,299.75535,0.801117943,0.437258247,,35100,0.599495888
185,401,308,2957,2957,Meredith College,Raleigh,NC,3,2,11.0,515.0,520.0,,23.0,22.0,22.0,,1040.0,0.0,1543.0,0.722,0.1115,0.0324,0.0298,0.0052,0.0013,0.0279,0.0428,0.0272,0.0363,,22275.0,0.35200000000000004,0.7248,,1.0,,0.6871,0.0827,27000,299.75535,0.868360277,0.609594766,,38400,0.659420311
226,32,25,5138,5138,Vatterott College-Kansas City,Kansas City,MO,1,3,11.0,,,,,,,,,0.0,540.0,0.5741,0.3611,0.0426,0.0056,0.0019,0.0019,0.0056,0.0,0.0074,0.0,,17927.0,0.2687,,0.6119,,,0.2534,0.7519,23116,256.6349878,0.275681482,,0.550153884,28700,0.4401384
133,253,392,847,847,Florida Institute of Ultrasound Inc,Pensacola,FL,1,3,13.0,,,,,,,,,0.0,68.0,0.9265,0.0441,0.0,0.0294,0.0,0.0,0.0,0.0,0.0,0.0,,,0.4324,,,,,0.7027,0.5588,16000,177.6328,0.898876404,,,47900,0.741176486
184,133,495,6957,6957,Barone Beauty Academy,Williamsport,PA,1,3,13.0,,,,,,,,,0.0,56.0,0.9107,0.0714,0.0,0.0179,0.0,0.0,0.0,0.0,0.0,0.0,,16118.0,0.6163,,0.7368,,,0.6977,0.2857,9500,105.469475,PrivacySuppressed,,0.837234884,,
312,191,129,2119,2119,Crossroads College,Rochester,MN,3,2,12.0,,,,,,,,,0.0,97.0,0.6598,0.1546,0.0412,0.0515,0.0103,0.0,0.0,0.0309,0.0515,0.1031,,15762.0,0.6815,0.619,,0.0,,0.758,0.3069,27000,299.75535,0.786666667,0.396224528,,27900,0.483333319
44,392,276,6266,6266,Expression College for Digital Arts,Emeryville,CA,3,3,21.0,,,,,,,,,0.0,574.0,0.1951,0.0592,0.0662,0.0488,0.0,0.006999999999999999,0.0436,0.0035,0.5767,0.0,,25829.0,0.4768,0.8378,,,,0.6072,0.3955,40000,444.082,0.671052632,0.485641379,,,0.605898142
309,313,455,2641,2641,Corning Community College,Corning,NY,2,1,41.0,,,,,,,,,0.0,3229.0,0.8442,0.0703,0.0316,0.0065,0.013,0.0003,0.0,0.0012,0.0328,0.2995,6713.0,,0.3784,,0.5767,,0.3095,0.3711,0.2284,12500,138.775625,0.547075902,,0.313525235,31000,0.470849186
65,209,233,1553,1553,Wichita State University,Wichita,KS,3,1,11.0,525.0,550.0,,24.0,23.0,23.0,,1089.0,0.0,11198.0,0.6516,0.0597,0.0914,0.0695,0.0088,0.0016,0.0253,0.0561,0.036000000000000004,0.235,13342.0,,0.3595,0.7449,,0.3846,,0.5022,0.2883,21750,241.4695875,0.798867497,0.438987094,,39300,0.667185664
244,14,361,7100,7100,Victory Trade School,Springfield,MO,1,2,12.0,,,,,,,,,0.0,27.0,0.6667,0.1481,0.1852,0.0,0.0,0.0,0.0,0.0,0.0,0.0,,4198.0,0.3077,,0.4444,,,0.0,0.7778,,,,,0.74,,
85,198,507,5559,5559,New York Institute of Massage Inc,Williamsville,NY,1,3,21.0,,,,,,,,,0.0,103.0,0.8544,0.0971,0.0194,0.0,0.0,0.0,0.0291,0.0,0.0,0.4369,,17034.0,0.3991,,0.4375,,0.5833,0.5275,0.8155,10207,113.3186244,0.781456954,,0.922101299,20700,0.396039605
186,44,228,303,303,San Diego Christian College,El Cajon,CA,3,2,21.0,505.0,490.0,478.0,21.0,20.0,21.0,7.0,986.0,0.0,889.0,0.3735,0.1541,0.1541,0.0169,0.0067,0.0101,0.0326,0.0045,0.2475,0.1057,,25314.0,0.6475,0.6829,,0.1111,,0.8793,0.4126,20249,224.8054105,0.840466926,0.421067836,,34400,0.561643839
70,332,309,2984,2984,Piedmont Community College,Roxboro,NC,1,1,41.0,,,,,,,,,0.0,1338.0,0.5949,0.3438,0.0247,0.0037,0.0045,0.0007,0.012,0.0,0.0157,0.4813,9878.0,,0.516,,0.6402,,0.4143,0.1407,0.4356,9500,105.469475,PrivacySuppressed,,0.482352643,23700,0.344186038
159,307,485,2457,2457,Bloomfield College,Bloomfield,NJ,3,2,21.0,405.0,430.0,,,,,,835.0,0.0,1906.0,0.1207,0.5058,0.2162,0.0378,0.0047,0.0026,0.0058,0.0341,0.0724,0.0782,,20718.0,0.6417,0.6347,,0.1667,,0.8211,0.2044,31000,344.16355,0.617252931,0.365656916,,39000,0.604767859
12,45,360,864,864,Gulf Coast State College,Panama City,FL,2,1,13.0,,,,,,,,,0.0,3643.0,0.7354,0.1156,0.0554,0.0266,0.0049,0.0,0.0327,0.0011,0.0283,0.5446,5057.0,,0.4284,,,,,0.1821,0.4253,6985,77.54781925,0.589350181,0.348882822,,29900,0.46069181
35,26,349,6552,6552,SOLEX Medical Academy,Wheeling,IL,1,3,21.0,,,,,,,,,0.0,17.0,0.5294,0.0588,0.3529,0.0588,0.0,0.0,0.0,0.0,0.0,0.5294,,14610.0,0.4412,,,,,0.5294,0.7059,PrivacySuppressed,PrivacySuppressed,PrivacySuppressed,,0.823544118,,
28,110,193,6251,6251,AmeriTech College-Draper,Draper,UT,2,3,21.0,,,,,,,,,0.0,1036.0,0.5328,0.3668,0.0531,0.0048,0.0097,0.0039,0.0106,0.0,0.0183,0.0,,32424.0,0.5858,,,,,0.6614,0.8098,24240,269.113692,0.793565684,0.7727,,23800,0.491525412
170,164,147,15,15,James H Faulkner State Community College,Bay Minette,AL,2,1,32.0,,,,,,,,,0.0,4182.0,0.7104,0.2176,0.0263,0.0072,0.0187,0.0012,0.0163,0.0007,0.0017,0.3867,7404.0,,0.4885,,0.5211,,0.3981,0.4042,0.2909,9153,101.6170637,0.590852905,,0.164098246,28900,0.433466136
142,360,387,6131,6131,Everest College-McLean,Vienna,VA,1,3,21.0,,,,,,,,,0.0,237.0,0.135,0.3629,0.2827,0.0759,0.0042,0.0042,0.0591,0.0,0.0759,0.1224,,23976.0,0.5642,,0.75,,,0.4866,0.5063,9500,105.469475,0.334682861,,0.556980674,24700,0.428930819
317,308,426,1902,1902,The New England Institute of Art,Brookline,MA,3,3,21.0,,,,,,,,,0.0,779.0,0.2311,0.0449,0.1656,0.0218,0.0026,0.0,0.0154,0.0039,0.5148,0.086,,29238.0,0.4933,0.5109,,0.3571,,0.8175,0.2054,29444,326.8887602,0.643571429,0.351038963,,34900,0.543005168
131,250,95,3621,3621,Pittsburgh Theological Seminary,Pittsburgh,PA,4,2,11.0,,,,,,,,,0.0,,,,,,,,,,,,,,,,,,,,,,,PrivacySuppressed,,,,PrivacySuppressed
274,205,356,6877,6877,Health And Style Institute,High Point,NC,1,3,12.0,,,,,,,,,0.0,179.0,0.3687,0.581,0.0112,0.0056,0.0,0.0,0.0279,0.0,0.0056,0.1564,,12257.0,0.6301,,1.0,,1.0,0.3902,0.5531,16449.5,182.6231715,0.512820513,,PrivacySuppressed,,
51,373,481,1599,1599,Sullivan College of Technology and Design,Louisville,KY,2,3,21.0,,,,,,,,,0.0,368.0,0.6875,0.1549,0.0,0.0082,0.0054,0.0027,0.1196,0.0,0.0217,0.3533,,29297.0,0.7133,,,,,0.8731,0.4908,25500,283.102275,0.527987897,0.487260169,,33300,0.540130138
95,390,459,1345,1345,Harrison College-Evansville,Evansville,IN,0,3,,,,,,,,,,,,,,,,,,,,,,,,,,,,,,,27167,301.6093924,0.411553525,,,,
320,151,59,3422,3422,Career Training Academy-New Kensington,New Kensington,PA,1,3,21.0,,,,,,,,,0.0,163.0,0.865,0.135,0.0,0.0,0.0,0.0,0.0,0.0,0.0,0.0,,11500.0,0.6386,,0.4211,,,0.6386,0.454,9500,105.469475,0.672297297,,0.786277863,23400,0.297397763
178,340,49,44,44,Reid State Technical College,Evergreen,AL,1,1,41.0,,,,,,,,,0.0,414.0,0.471,0.4928,0.0121,0.0024,0.0145,0.0048,0.0024,0.0,0.0,0.3720000000000001,4912.0,,0.701,,0.4881,,0.4,0.0,0.4081,,,,,0.457968702,20100,0.380813956
204,316,207,2415,2415,Truckee Meadows Community College,Reno,NV,2,1,12.0,,,,,,,,,0.0,9051.0,0.6025,0.0249,0.2493,0.0528,0.0157,0.0025,0.0323,0.0056,0.0145,0.7003,6903.0,,0.3243,,0.6624,,0.468,0.1438,0.398,10000,111.0205,0.551597052,,0.203587983,32500,0.543252587
123,122,103,1699,1699,South Central Louisiana Technical College-Young Memorial Campus,Morgan City,LA,1,1,32.0,,,,,,,,,0.0,1460.0,0.5870000000000001,0.3082,0.0534,0.0075,0.0137,0.0021,0.0116,0.0007,0.0158,0.5938,8555.0,,0.2032,,0.5981,,0.535,0.0,0.3154,,,,,0.629748855,27000,0.419159412
41,358,315,5701,5701,ICDC College,Huntington Park,CA,1,3,21.0,,,,,,,,,0.0,3265.0,0.2012,0.4689,0.2447,0.006999999999999999,0.0067,0.0021,0.041,0.0,0.0282,0.0806,,23870.0,0.9436,,0.6674,,0.7887,0.96,0.6763,9500,105.469475,0.239787234,,0.718182355,20800,0.307785153
89,158,38,5250,5250,Academy for Nursing and Health Occupations,West Palm Beach,FL,2,2,21.0,,,,,,,,,0.0,693.0,0.1356,0.7662,0.0736,0.0058,0.0,0.0,0.0043,0.0014,0.013,0.0,,,0.5326,,0.9487,,,0.5258,0.7248,10877,120.7569979,0.481081081,,0.780973696,31200,0.588235319
262,201,357,6925,6925,Blackstone Valley Vocational Regional School District,Upton,MA,0,1,21.0,,,,,,,,,0.0,50.0,0.9,0.04,0.06,0.0,0.0,0.0,0.0,0.0,0.0,1.0,,,0.5161,,,,0.8889,0.7742,0.8,PrivacySuppressed,PrivacySuppressed,PrivacySuppressed,,,,
206,178,202,371,371,Fredrick and Charles Beauty College,Eureka,CA,1,3,33.0,,,,,,,,,0.0,83.0,0.7229,0.012,0.0723,0.012,0.1566,0.0,0.012,0.012,0.0,0.0361,,8377.0,0.6726,,0.8276,,,0.0,0.2892,,,,,0.66112314,PrivacySuppressed,PrivacySuppressed
136,324,350,1354,1354,Indiana University-South Bend,South Bend,IN,3,1,12.0,480.0,480.0,450.0,21.0,19.0,21.0,7.0,962.0,0.0,5538.0,0.7687,0.0726,0.0746,0.0141,0.0022,0.0005,0.0271,0.0206,0.0197,0.2878,12068.0,,0.3369,0.6346,,0.5128,,0.4083,0.261,25724,285.5891342,0.66373858,0.245164563,,33800,0.561635613
26,154,431,5459,5459,Houghton Lake Institute of Cosmetology,Houghton Lake,MI,1,3,33.0,,,,,,,,,0.0,14.0,0.9286,0.0,0.0714,0.0,0.0,0.0,0.0,0.0,0.0,0.5714,,5218.0,0.7931,,0.8,,1.0,0.0,0.3571,,,,,PrivacySuppressed,PrivacySuppressed,PrivacySuppressed
329,20,365,1582,1582,PJ's College of Cosmetology-Glasgow,Glasgow,KY,1,3,32.0,,,,,,,,,0.0,74.0,0.8514,0.0135,0.0541,0.0,0.0135,0.027000000000000003,0.0405,0.0,0.0,0.0,,10865.0,0.6442,,0.5714,,,0.6154,0.3784,10000,111.0205,0.481012658,,0.406939535,PrivacySuppressed,0.081967212
141,355,264,6618,6618,The Art Institute of Raleigh-Durham,Durham,NC,2,3,12.0,,,,,,,,,0.0,781.0,0.3137,0.4763,0.0768,0.0051,0.0128,0.0154,0.0,0.0,0.0999,0.3431,,27525.0,0.6779999999999999,0.404,,0.125,,0.8175,0.3163,27167,301.6093924,0.349280501,,,28200,0.435806841
280,345,430,3846,3846,Tennessee College of Applied Technology-Livingston,Livingston,TN,1,1,33.0,,,,,,,,,0.0,319.0,0.9749,0.0094,0.0,0.0,0.0,0.0,0.0157,0.0,0.0,0.2257,5044.0,,0.3838,,0.7467,,0.5,0.0,0.2715,,,,,0.819867102,25300,0.50190115
248,341,419,7159,7159,Johnson & Wales University-Online,Providence,RI,3,2,12.0,,,,,,,,,1.0,118.0,0.5763,0.1695,0.0678,0.0085,0.0169,0.0,0.0,0.0085,0.1525,0.6356,,,0.5575,,,,,0.823,0.6695,27000,299.75535,0.801117943,,,35100,0.599495888
0,66,16,964,964,Trinity College of Florida,Trinity,FL,3,2,21.0,,,,,,,,,0.0,222.0,0.5045,0.2252,0.2027,0.0135,0.0,0.0,0.0045,0.0225,0.027000000000000003,0.0901,,15563.0,0.5660000000000001,0.6071,,0.0,,0.6557,0.4286,23000,255.34715,0.673076923,0.48001,,31700,0.425287366
301,187,489,2753,2753,Star Career Academy-New York,New York,NY,1,3,11.0,,,,,,,,,0.0,820.0,0.0341,0.5878,0.3537,0.0146,0.0012,0.0,0.0037,0.0012,0.0037,0.2622,,23274.0,0.5716,,0.6034,,0.6333,0.4076,0.6415,9500,105.469475,0.360127157,,0.619128899,,0.350649357
288,328,43,7399,7399,WellSpring School of Allied Health-Lawrence,Lawrence,KS,1,3,13.0,,,,,,,,,0.0,28.0,0.75,0.1429,0.0714,0.0,0.0357,0.0,0.0,0.0,0.0,0.0,,14838.0,0.5323,,1.0,,,0.8226,0.5357,7917,87.89492985,0.735426009,,,,PrivacySuppressed
305,344,34,4048,4048,St Mary's University,San Antonio,TX,3,2,11.0,520.0,530.0,498.0,23.0,22.0,23.0,,1050.0,0.0,2390.0,0.141,0.0351,0.7247,0.0264,0.0021,0.0021,0.0,0.0414,0.0272,0.0448,,18791.0,0.5144,0.7277,,,,0.682,0.0794,26685,296.2582043,0.783505155,0.558819407,,46300,0.672760487
100,244,28,4385,4385,Fred W Eberle Technical Center,Buckhannon,WV,1,1,33.0,,,,,,,,,0.0,120.0,0.9833,0.0167,0.0,0.0,0.0,0.0,0.0,0.0,0.0,0.2417,6429.0,,0.9539,,0.4918,,0.1481,0.0,0.5917,,,,,0.965127907,31400,0.535714269
192,159,331,1921,1921,University of Massachusetts-Dartmouth,North Dartmouth,MA,3,1,22.0,520.0,540.0,510.0,23.0,,,,1061.0,0.0,7202.0,0.6862,0.1165,0.0712,0.0328,0.0022,0.0004,0.0365,0.0107,0.0435,0.1209,17092.0,,0.3799,0.7609,,0.4667,,0.7170000000000001,0.14400000000000002,25921,287.7762381,0.81547619,0.494293695,,44800,0.69057548
289,413,121,7440,7440,Marian Health Careers Center-Van Nuys Campus,Van Nuys,CA,1,3,11.0,,,,,,,,,0.0,94.0,0.117,0.0851,0.3617,0.3617,0.0106,0.0426,0.0213,0.0,0.0,0.0,,23766.0,0.5786,,0.5455,,,0.6786,0.5745,15680,174.080144,0.847161572,,0.27471978,47500,0.767567575
218,405,359,7130,7130,The Chicago School of Professional Psychology at Washington DC,Washington,DC,4,2,11.0,,,,,,,,,0.0,,,,,,,,,,,,,,,,,,,,,,,PrivacySuppressed,,,PrivacySuppressed,PrivacySuppressed
213,4,237,410,410,ITT Technical Institute-Orange,Orange,CA,2,3,12.0,,,,,,,,,0.0,823.0,0.2868,0.0571,0.4921,0.1021,0.0073,0.0073,0.0292,0.0,0.0182,0.2066,,22434.0,0.7235,,,,,0.8164,0.6779999999999999,25833.5,286.8048087,0.394119686,0.349479612,,38400,0.591855824
103,89,272,1362,1362,ITT Technical Institute-Fort Wayne,Fort Wayne,IN,2,3,11.0,,,,,,,,,0.0,283.0,0.7879999999999999,0.1095,0.0565,0.0106,0.0,0.0,0.0212,0.0,0.0141,0.3074,,22119.0,0.6822,,,,,0.8424,0.682,25833.5,286.8048087,0.394119686,0.340293194,,38400,0.591855824
171,364,520,1565,1565,PJ's College of Cosmetology- Indianapolis,Indianapolis,IN,0,3,,,,,,,,,,,,,,,,,,,,,,,,,,,,,,,10000,111.0205,0.303691275,,,18200,0.179104477
98,394,191,6333,6333,Broken Arrow Beauty College-Tulsa,Tulsa,OK,1,3,11.0,,,,,,,,,0.0,88.0,0.6477,0.1023,0.0568,0.0455,0.0341,0.0114,0.1023,0.0,0.0,0.1591,,13870.0,0.7763,,0.84,,1.0,0.9145,0.3523,9833,109.1664577,0.548717949,,0.813986047,16600,0.193333328
36,7,192,7069,7069,Paul Mitchell the School-Phoenix,Phoenix,AZ,1,3,11.0,,,,,,,,,0.0,187.0,0.5294,0.0481,0.4064,0.0053,0.0,0.0053,0.0,0.0,0.0053,0.262,,17496.0,0.4461,,0.8,,0.7778,0.5985,0.2995,15751.5,174.8739406,PrivacySuppressed,,0.738754054,,
215,376,189,5028,5028,Westech College,Fontana,CA,1,3,21.0,,,,,,,,,0.0,484.0,0.18600000000000005,0.219,0.4731,0.0103,0.0083,0.0041,0.0124,0.0,0.0868,0.1942,,14130.0,0.8466,,0.8169,,0.5714,0.8995,0.4566,9449,104.9032705,0.234453181,,0.868243302,26200,0.368821293
61,83,108,5908,5908,The Art Institute of California-Argosy University Orange County,Santa Ana,CA,3,3,11.0,,,,,,,,,0.0,1761.0,0.1454,0.0176,0.3685,0.071,0.0017,0.0074,0.0256,0.0,0.3629,0.46,,25338.0,0.6271,0.5575,,0.3148,,0.8344,0.3481,14323,159.0146622,0.370393247,0.364837051,,38200,0.698424041
150,129,277,3032,3032,Lake Region State College,Devils Lake,ND,2,1,33.0,,,,,,,,,0.0,661.0,0.7519,0.0605,0.0318,0.0045,0.0499,0.0015,0.0318,0.053,0.0151,0.2965,8325.0,,0.1641,,0.522,,0.4545,0.2072,0.1939,8650,96.0327325,0.768916155,,0.510678899,34800,0.616822422
47,298,8,6695,6695,International Professional School of Bodywork,San Diego,CA,1,3,11.0,,,,,,,,,0.0,165.0,0.5333,0.0545,0.1455,0.0242,0.0242,0.0,0.1212,0.0,0.097,0.7636,,,0.5064,,,,0.5,0.7124,0.7907,23500,260.898175,0.626373626,,PrivacySuppressed,,
250,279,32,4383,4383,Shepherd University,Shepherdstown,WV,3,1,31.0,510.0,495.0,,22.0,23.0,20.0,,1007.0,0.0,3695.0,0.8273,0.0842,0.0263,0.0195,0.0046,0.0014,0.0019,0.0035,0.0314,0.1101,9824.0,,0.329,0.6841,,0.2222,,0.5561,0.2353,23149,257.0013555,0.753846154,0.406839739,,38500,0.620039701
278,339,511,7510,7510,Eternity Cosmetology School,West Palm Beach,FL,1,3,21.0,,,,,,,,,0.0,205.0,0.0098,0.0195,0.9317,0.0098,0.0,0.0,0.0,0.0293,0.0,0.7805,,11557.0,0.6921,,0.7667,,0.5714,0.3742,0.8244,9500,105.469475,,,,,
11,5,248,6857,6857,Strayer University-Cincinnati Campus,Cincinnati,OH,0,3,,,,,,,,,,,,,,,,,,,,,,,,,,,,,,,39499.5,438.525424,0.444774917,,,,
332,106,188,6059,6059,Baptist University of the Americas,San Antonio,TX,3,2,11.0,,,,,,,,,0.0,189.0,0.0794,0.0265,0.6825,0.0053,0.0,0.0,0.0,0.2063,0.0,0.2593,,8938.0,0.398,0.619,,1.0,,0.0,0.381,PrivacySuppressed,PrivacySuppressed,PrivacySuppressed,0.333316667,,PrivacySuppressed,PrivacySuppressed
200,221,224,7044,7044,Strayer University-Mississippi,Jackson,MS,3,3,12.0,,,,,,,,,0.0,156.0,0.0705,0.8526,0.0,0.0064,0.0064,0.0,0.0064,0.0,0.0577,0.8909999999999999,,,0.8479,,,0.0,,0.9355,0.8526,39499.5,438.525424,0.444774917,,,51700,0.722576857
300,417,270,693,693,Naropa University,Boulder,CO,3,2,13.0,,,,,,,,,0.0,380.0,0.6526,0.0132,0.0816,0.0132,0.0026,0.0,0.0842,0.0289,0.1237,0.0632,,25942.0,0.4726,0.5833,,0.3333,,0.5821,0.3577,25000,277.55125,0.854700855,0.347828696,,18600,0.32432431
27,63,45,5544,5544,American College of Traditional Chinese Medicine,San Francisco,CA,4,2,11.0,,,,,,,,,0.0,,,,,,,,,,,,,,,,,,,,,PrivacySuppressed,PrivacySuppressed,PrivacySuppressed,,,PrivacySuppressed,PrivacySuppressed
319,130,497,3827,3827,Fisk University,Nashville,TN,3,2,11.0,425.0,435.0,425.0,18.0,17.0,17.0,,854.0,0.0,611.0,0.0082,0.8707,0.0131,0.0082,0.0,0.0,0.0147,0.0,0.0851,0.036000000000000004,,20875.0,0.6206,0.7014,,0.0,,0.7098,0.0245,27500,305.306375,0.630177515,0.530791706,,33800,0.397435904
230,27,56,6697,6697,Paul Mitchell the School-Pasadena,Alhambra,CA,1,3,21.0,,,,,,,,,0.0,174.0,0.1782,0.0747,0.6092,0.0862,0.0,0.0057,0.0172,0.0,0.0287,0.3103,,15051.0,0.441,,0.8125,,0.7143,0.5556,0.3506,14556,161.6014398,0.615384615,,0.5468625,,
233,260,206,5838,5838,Star Career Academy-Newark,Newark,NJ,1,3,11.0,,,,,,,,,0.0,497.0,0.0302,0.6579,0.2555,0.002,0.008,0.002,0.006,0.0,0.0382,0.5815,,17819.0,0.6513,,0.8016,,0.6531,0.6237,0.5412,9905,109.9658053,0.401623687,,0.52198907,31700,0.508403361
4,289,288,4886,4886,ITT Technical Institute-Lake Mary,Lake Mary,FL,2,3,21.0,,,,,,,,,0.0,269.0,0.5316,0.223,0.1636,0.0223,0.0074,0.0,0.0149,0.0,0.0372,0.3197,,23072.0,0.6796,,,,,0.8343,0.8401,25833.5,286.8048087,0.394119686,0.35041453,,38400,0.591855824
122,144,36,5221,5221,ITT Technical Institute-Fort Lauderdale,Fort Lauderdale,FL,2,3,21.0,,,,,,,,,0.0,531.0,0.177,0.4576,0.2467,0.0188,0.0019,0.0019,0.0301,0.0,0.0659,0.2731,,23219.0,0.7473,1.0,,,,0.8127,0.7684,25833.5,286.8048087,0.394119686,0.390357219,,38400,0.591855824
32,323,303,5960,5960,Pima Medical Institute-Albuquerque West,Albuquerque,NM,1,3,11.0,,,,,,,,,0.0,103.0,0.301,0.0291,0.534,0.0097,0.1068,0.0,0.0194,0.0,0.0,0.0,,18008.0,0.755,,0.7556,,,0.8609,0.534,8708,96.6766514,0.411764706,,0.716236486,,PrivacySuppressed
315,343,205,1183,1183,Illinois Valley Community College,Oglesby,IL,1,1,41.0,,,,,,,,,0.0,2981.0,0.8309,0.0171,0.1134,0.0084,0.001,0.0,0.0081,0.0,0.0211,0.5176,6681.0,,0.354,,0.6291,,0.4677,0.0966,0.315,10000,111.0205,0.668582375,,0.386445618,28600,0.490297556
162,117,245,598,598,Solano Community College,Fairfield,CA,2,1,22.0,,,,,,,,,0.0,8341.0,0.3338,0.1512,0.2404,0.1408,0.0031,0.0091,0.0803,0.0032,0.0381,0.6219,7255.0,,0.2519,,0.7024,,0.4335,0.0367,0.3905,11747,130.4157814,0.353433836,,0.327703797,34100,0.465048552
258,410,330,751,751,Ridley-Lowell Business & Technical Institute-New London,New London,CT,1,3,13.0,,,,,,,,,0.0,295.0,0.5458,0.2136,0.2203,0.0,0.0,0.0,0.0203,0.0,0.0,0.0,,21068.0,0.2996,,0.8095,,,0.7287,0.6237,10640,118.125812,0.515064562,,0.501935409,26800,0.396039605
287,166,408,2221,2221,Baptist Bible College,Springfield,MO,3,2,12.0,,,,,,,,,0.0,305.0,0.8689,0.023,0.059,0.0066,0.0131,0.0,0.0262,0.0,0.0033,0.1213,,13689.0,0.4984,0.6471,,1.0,,0.5794,0.1934,19950,221.4858975,0.837370242,0.321301805,,29500,0.387931049
242,64,500,4372,4372,Meredith Manor International Equestrian Center,Waverly,WV,1,3,42.0,,,,,,,,,0.0,121.0,0.9504,0.0,0.0,0.0,0.0,0.0,0.0083,0.0413,0.0,0.0,,26902.0,0.4463,,0.8636,,,0.5207,0.1322,9500,105.469475,0.711711712,,0.836345455,18700,PrivacySuppressed
138,354,345,652,652,Adams State University,Alamosa,CO,3,1,33.0,487.0,500.0,485.0,20.0,19.0,20.0,,939.0,0.0,2227.0,0.5123,0.0768,0.3026,0.0112,0.0153,0.0063,0.04,0.0,0.0355,0.1612,14676.0,,0.5029,0.5592,,0.3125,,0.629,0.2106,PrivacySuppressed,PrivacySuppressed,0.626040878,0.21733659,,33200,0.482023954
62,177,183,506,506,North-West College-Pomona,Pomona,CA,1,3,21.0,,,,,,,,,0.0,280.0,0.0786,0.0857,0.7321,0.0321,0.0,0.0,0.0,0.0,0.0714,0.0,,20043.0,0.8522,,0.8,,,0.9251,0.3107,8023.5,89.07729818,0.596209913,,0.729363148,21700,0.516616285
135,146,139,565,565,San Joaquin General Hospital School of Radiation Technology,French Camp,CA,0,1,,,,,,,,,,,,,,,,,,,,,,,,,,,,,,,8750,97.1429375,0.297468354,,,29400,0.406209141
128,342,80,6633,6633,Strayer University-Kentucky,Lexington,KY,3,3,11.0,,,,,,,,,0.0,424.0,0.6675,0.1934,0.0189,0.0071,0.0094,0.0,0.0283,0.0,0.0755,0.9151,,29316.0,0.715,0.0,,0.2632,,0.8339,0.8443,39499.5,438.525424,0.444774917,,,51700,0.722576857
8,246,142,3268,3268,The College of Wooster,Wooster,OH,3,2,32.0,610.0,605.0,605.0,28.0,28.0,26.0,8.0,1231.0,0.0,2070.0,0.7188,0.0792,0.0401,0.0338,0.0145,0.001,0.0,0.0725,0.0401,0.0048,,21455.0,0.1938,0.8709,,,,0.5144,0.008,25500,283.102275,0.9125,0.753638017,,44400,0.660766959
64,74,335,438,438,Los Angeles Mission College,Sylmar,CA,2,1,11.0,,,,,,,,,0.0,7931.0,0.115,0.0316,0.7440000000000001,0.0547,0.0016,0.0009,0.0116,0.0115,0.029,0.7613,7405.0,,0.3372,,0.6953,,0.5213,0.0352,0.3527,PrivacySuppressed,PrivacySuppressed,0.372413793,,0.205398563,28900,0.473242402
14,402,149,3728,3728,Denmark Technical College,Denmark,SC,1,1,41.0,,,,,,,,,0.0,1804.0,0.0222,0.9723,0.0028,0.0006,0.0006,0.0,0.0,0.0,0.0017,0.2206,6634.0,,0.7979999999999999,,0.3652,,0.3784,0.6718,0.4978,6500,72.163325,0.276315789,,0.14306813,16800,0.173349053
156,112,109,7317,7317,National Personal Training Institute of Colorado,Colorado Springs,CO,1,3,11.0,,,,,,,,,0.0,78.0,0.7436,0.0769,0.1026,0.0256,0.0,0.0,0.0513,0.0,0.0,0.0,,15409.0,0.2386,,,,,0.3636,0.6282,6333,70.30928265,,,0.756990654,,
40,101,141,2864,2864,Sanford-Brown Institute-New York,New York,NY,1,3,11.0,,,,,,,,,0.0,1479.0,0.0554,0.3509,0.1109,0.0216,0.0068,0.0176,0.0027,0.0,0.4341,0.0446,,17846.0,0.5435,,0.6734,,,0.5956,0.501,9500,105.469475,0.421609872,,0.626871389,27200,0.493848562
321,359,88,7557,7557,Brighton Institute of Cosmetology,Brighton,MI,1,3,22.0,,,,,,,,,0.0,55.0,0.9818,0.0,0.0,0.0,0.0,0.0,0.0,0.0,0.0182,0.3636,,9358.0,0.125,,0.7143,,0.8333,0.1731,0.2727,PrivacySuppressed,PrivacySuppressed,,,,,
297,50,266,1170,1170,Highland Community College,Freeport,IL,2,1,32.0,,,,,,,,,0.0,1698.0,0.7974,0.1019,0.0271,0.0088,0.0183,0.0,0.0277,0.0,0.0188,0.4052,5535.0,,0.4419,,0.6139,,0.3226,0.1856,0.3678,8991.5,99.82408258,0.543424318,,0.349120259,25900,0.412698418
216,100,470,2589,2589,Arnot Ogden Medical Center,Elmira,NY,1,2,13.0,,,,,,,,,0.0,79.0,0.9494,0.0253,0.0253,0.0,0.0,0.0,0.0,0.0,0.0,0.038,,12580.0,0.4714,,0.8333,,,0.7857,0.3418,PrivacySuppressed,PrivacySuppressed,0.901960784,,PrivacySuppressed,PrivacySuppressed,PrivacySuppressed
292,403,130,2149,2149,University of St Thomas,Saint Paul,MN,3,2,11.0,580.0,580.0,,26.0,25.0,26.0,,1165.0,0.0,6246.0,0.8231,0.0256,0.0402,0.0357,0.0016,0.0,0.0296,0.0293,0.0149,0.0312,,31482.0,0.2023,0.8755,,,,0.5738,0.0481,26500,294.204325,0.929798724,0.747619533,,54300,0.8063187
236,357,13,662,662,Colorado College,Colorado Springs,CO,3,2,11.0,660.0,665.0,660.0,30.0,31.0,29.0,9.0,1323.0,0.0,2025.0,0.6963,0.0212,0.0884,0.0435,0.0044,0.0,0.0785,0.0612,0.0064,0.0,,28404.0,0.0983,0.9608,,,,0.3333,0.0034,18049.5,200.3864515,0.937269373,0.884835827,,41100,0.528052807
207,41,31,5737,5737,Eastern West Virginia Community and Technical College,Moorefield,WV,2,1,41.0,,,,,,,,,0.0,544.0,0.954,0.0202,0.0055,0.0,0.0,0.0,0.0184,0.0,0.0018,0.4724,3101.0,,0.4927,,0.6543,,0.4651,0.2384,0.4994,7446,82.6658643,0.361111111,,0.205383929,,
212,349,366,3340,3340,Central Oregon Community College,Bend,OR,2,1,13.0,,,,,,,,,0.0,6282.0,0.7585,0.0075,0.0807,0.0091,0.0194,0.0046,0.0218,0.0,0.0984,0.5271,9322.0,,0.5128,,0.5422,,0.4008,0.513,0.4941,19498,216.4677709,0.49067886,,0.228238424,29500,0.497967482
306,235,65,6629,6629,Beckfield College-Tri-County,Springdale,OH,2,3,21.0,,,,,,,,,0.0,554.0,0.4765,0.4747,0.0162,0.0054,0.0036,0.0036,0.0108,0.0,0.009000000000000001,0.4765,,22712.0,0.8521,,0.3103,,0.5769,0.7505,0.7292,25237,280.1824359,0.404049296,,PrivacySuppressed,29300,0.517401397
251,380,475,2623,2623,Christ the King Seminary,East Aurora,NY,4,2,41.0,,,,,,,,,0.0,,,,,,,,,,,,,,,,,,,,,,,,,,,
327,121,83,6680,6680,The Salon Professional Academy-Appleton,Appleton,WI,1,3,22.0,,,,,,,,,0.0,61.0,0.918,0.0164,0.0,0.0,0.0164,0.0,0.0164,0.0,0.0328,0.0,,12243.0,0.2679,,0.8667,,,0.3482,0.1967,12000,133.2246,0.784946237,,0.838969492,,
307,252,240,1416,1416,Des Moines Area Community College,Ankeny,IA,2,1,21.0,,,,,,,,,0.0,14928.0,0.7447,0.0845,0.0563,0.0307,0.0034,0.0008,0.0231,0.0102,0.0462,0.49,11064.0,,0.3752,,0.5282,,0.35200000000000004,0.4182,0.2641,11608,128.8725964,0.533098933,,0.523148105,34500,0.576542616
269,105,168,6606,6606,National American University-Wichita,Wichita,KS,2,3,11.0,,,,,,,,,0.0,375.0,0.4933,0.3333,0.0613,0.008,0.008,0.0053,0.08800000000000001,0.0,0.0027,0.9493,,,0.8225,1.0,,0.1765,,0.8441,0.792,34486,382.8652963,0.483529767,,,37800,0.573895574
201,95,442,259,259,California State University-Fresno,Fresno,CA,3,1,11.0,455.0,470.0,,19.0,18.0,20.0,,920.0,0.0,19911.0,0.2511,0.0404,0.4258,0.1566,0.0038,0.0025,0.0305,0.0344,0.0549,0.1186,7093.0,,0.5407,0.8323,,0.5049,,0.3628,0.1628,16500,183.183825,0.826431181,0.48326252,,43200,0.595287621
161,395,385,1747,1747,Washington Adventist University,Takoma Park,MD,3,2,21.0,,,,,,,,,0.0,951.0,0.0904,0.5941,0.1083,0.0747,0.0126,0.0042,0.0074,0.0242,0.0841,0.1535,,16853.0,0.5393,0.7099,,,,0.7881,0.3225,31250,346.9390625,0.647969052,0.337046667,,46800,0.673684239
43,140,310,3971,3971,Houston Baptist University,Houston,TX,3,2,11.0,525.0,540.0,505.0,24.0,23.0,23.0,7.0,1075.0,0.0,2165.0,0.2776,0.1921,0.2605,0.1275,0.0037,0.0023,0.0739,0.036000000000000004,0.0263,0.0744,,19784.0,0.4868,0.6284,,0.75,,0.5765,0.1041,25000,277.55125,0.68452381,0.440858592,,43600,0.65934068
217,226,285,2476,2476,Lincoln Technical Institute-South Plainfield,South Plainfield,NJ,1,3,21.0,,,,,,,,,0.0,255.0,0.4627,0.1882,0.2196,0.0235,0.0039,0.0,0.0431,0.0,0.0588,0.0,,14387.0,0.6206,,0.7931,,,0.7965,0.1882,12473.5,138.4814207,0.42204644,,0.662596933,42700,0.685950398
190,242,12,4091,4091,Texas Southern University,Houston,TX,3,1,11.0,410.0,425.0,395.0,17.0,16.0,18.0,11.0,832.0,0.0,6288.0,0.018000000000000002,0.8370000000000001,0.0612,0.0274,0.0049,0.0,0.0,0.0514,0.0002,0.1538,18312.0,,0.6721,0.5517,,0.3053,,0.7412,0.2958,33763,374.8385142,0.369544592,0.137943012,,31300,0.451545686
259,384,48,1049,1049,North Georgia Technical College,Clarkesville,GA,1,1,41.0,,,,,,,,,0.0,2300.0,0.8713,0.067,0.0317,0.0074,0.0022,0.0,0.013,0.0022,0.0052,0.5561,2594.0,,0.6999,,0.4971,,0.4634,0.1714,0.3933,5745.5,63.78682828,,,0.447801035,21200,0.353790611
105,163,414,110,110,GateWay Community College,Phoenix,AZ,1,1,11.0,,,,,,,,,0.0,5653.0,0.3807,0.1206,0.3004,0.0343,0.0463,0.0016,0.0103,0.0193,0.0865,0.772,8106.0,,0.3374,,0.5534,,0.402,0.242,0.5832,6946,77.1148393,0.585662759,,0.215044,29800,0.590909064
53,211,444,1161,1161,Gem City College,Quincy,IL,1,3,33.0,,,,,,,,,0.0,44.0,0.9545,0.0455,0.0,0.0,0.0,0.0,0.0,0.0,0.0,0.0,,11226.0,0.7538,,0.7727,,,0.6923,0.5455,PrivacySuppressed,PrivacySuppressed,0.472727273,,0.673057692,14200,0.346153855
1,131,119,4192,4192,Hampton University,Hampton,VA,3,2,12.0,505.0,500.0,,21.0,21.0,21.0,,990.0,0.0,3529.0,0.0315,0.932,0.0113,0.0096,0.0011,0.0,0.0,0.0145,0.0,0.053,,23373.0,0.3912,0.7554,,0.75,,0.2978,0.1072,27474,305.0177217,0.678118393,0.634160079,,42200,0.644176126
49,141,404,2316,2316,Southwest Baptist University,Bolivar,MO,3,2,32.0,475.0,495.0,,23.0,23.0,23.0,,1062.0,0.0,2515.0,0.8231,0.0525,0.0151,0.0083,0.0072,0.0028,0.0119,0.0,0.0791,0.2147,,17344.0,0.4257,0.6358,,0.6585,,0.5813,0.2454,21220,235.585501,0.7864,0.528456794,,32800,0.557759643
80,225,516,210,210,ITT Technical Institute-Rancho Cordova,Rancho Cordova,CA,2,3,13.0,,,,,,,,,0.0,510.0,0.5098,0.1059,0.1039,0.0588,0.0157,0.0078,0.049,0.0,0.149,0.2412,,23022.0,0.662,,,,,0.7816,0.7235,25833.5,286.8048087,0.394119686,0.369858904,,38400,0.591855824
205,322,483,4436,4436,Northeast Wisconsin Technical College,Green Bay,WI,1,1,12.0,,,,,,,,,0.0,6675.0,0.868,0.0198,0.0415,0.0294,0.0237,0.0009,0.0166,0.0,0.0001,0.5416,9669.0,,0.355,,0.5313,,0.5012,0.3807,0.4485,12387,137.5210934,0.688064818,,0.517715152,35300,0.635699391
34,382,58,1539,1539,Northwest Kansas Technical College,Goodland,KS,1,1,33.0,,,,,,,,,0.0,391.0,0.509,0.1202,0.2916,0.0102,0.0077,0.0026,0.0281,0.0128,0.0179,0.0179,9420.0,,0.3725,,0.662,,0.5,0.4902,0.2173,9500,105.469475,0.75708502,,0.772041337,37700,0.609375
263,161,428,7058,7058,Globe University-La Crosse,Onalaska,WI,2,3,13.0,,,,,,,,,0.0,237.0,0.8523,0.0084,0.0127,0.0295,0.0042,0.0042,0.0084,0.0,0.0802,0.1814,,24901.0,0.6889,0.6667,,1.0,,0.8254,0.6367,27000,299.75535,0.481506389,,,31100,0.526717544
91,10,222,4483,4483,Institute of Beauty Careers,Arecibo,PR,1,3,13.0,,,,,,,,,0.0,156.0,0.0,0.0,1.0,0.0,0.0,0.0,0.0,0.0,0.0,0.0,,7238.0,0.8582,,0.7788,,,0.0,0.2821,,,,,0.731244127,13400,0.112980768
52,310,409,2276,2276,Westwood College-O'Hare Airport,Chicago,IL,3,3,11.0,,,,,,,,,0.0,298.0,0.3658,0.1477,0.1309,0.0336,0.0067,0.0034,0.0772,0.0,0.2349,0.2282,,24827.0,0.7715,0.2941,,,,0.7358,0.6544,31126,345.5624083,0.342411038,0.378487006,,32400,0.493514925
264,43,329,6872,6872,Beauty Schools of America-Homestead,Homestead,FL,1,3,21.0,,,,,,,,,0.0,655.0,0.0748,0.2305,0.6168,0.0015,0.0,0.0382,0.0275,0.0,0.0107,0.0,,18912.0,0.6832,,0.8523,,,0.3935,0.6504,9500,105.469475,0.33682266,,0.7174,14300,0.201604813
241,8,338,4870,4870,CRU Institute,Garden Grove,CA,1,3,21.0,,,,,,,,,0.0,55.0,0.3091,0.2182,0.3818,0.0,0.0,0.0,0.0909,0.0,0.0,0.4364,,10814.0,0.7015,,0.5882,,0.6667,0.7164,0.0909,12032.5,133.5854166,PrivacySuppressed,,0.823535294,13400,0.220338985
13,281,327,6255,6255,Regency Beauty Institute-Aurora,Aurora,IL,1,3,21.0,,,,,,,,,0.0,129.0,0.2481,0.1318,0.124,0.0155,0.0,0.0078,0.0698,0.0,0.4031,0.3178,,20569.0,0.6859999999999999,,0.4444,,0.7273,0.8261,0.2016,14144,157.0273952,0.47496977,,0.470022,19600,0.333333343
88,291,391,1744,1744,Cecil College,North East,MD,2,1,41.0,,,,,,,,,0.0,2426.0,0.7861,0.094,0.0404,0.0111,0.0058,0.0004,0.026,0.0016,0.0346,0.5771,7464.0,,0.3124,,0.5313,,0.4549,0.1333,0.3368,10500,116.571525,0.610223642,,0.139380738,31400,0.52369076
273,80,7,3882,3882,Tennessee College of Applied Technology-Knoxville,Knoxville,TN,1,1,12.0,,,,,,,,,0.0,760.0,0.7408,0.1724,0.0237,0.0118,0.0026,0.0026,0.0395,0.0,0.0066,0.2947,5330.0,,0.3257,,0.7767,,0.7917,0.0,0.5632,,,,,0.835822111,22200,0.362831861
166,304,156,2464,2464,Anthem Institute-Parsippany,Parsippany,NJ,1,3,21.0,,,,,,,,,0.0,148.0,0.4662,0.1284,0.2905,0.027000000000000003,0.0,0.0,0.0338,0.0,0.0541,0.0,,24709.0,0.564,,0.8169,,,0.8081,0.5135,9363,103.9484942,0.604024298,,0.735735135,49200,0.542303145
330,188,223,808,808,Wesley Theological Seminary,Washington,DC,4,2,11.0,,,,,,,,,0.0,,,,,,,,,,,,,,,,,,,,,PrivacySuppressed,PrivacySuppressed,PrivacySuppressed,,,,PrivacySuppressed
134,125,199,293,293,CET-Watsonville,Watsonville,CA,1,2,13.0,,,,,,,,,0.0,88.0,0.0568,0.0,0.9432,0.0,0.0,0.0,0.0,0.0,0.0,0.0,,11479.0,0.386,,0.6905,,,0.0791,0.2727,5450,60.5061725,0.340693196,,0.827353237,21600,0.354960531
323,372,50,5354,5354,Eastern Suffolk BOCES-Practical Nursing Program,Patchogue,NY,1,1,21.0,,,,,,,,,0.0,339.0,0.4808,0.1711,0.1445,0.0265,0.0029,0.0,0.115,0.0,0.059,0.2566,14270.0,,0.4989,,0.8696,,0.7647,0.7383,0.5103,9500,105.469475,0.77510917,,0.787389053,43000,0.80392158
243,300,504,3169,3169,University of Mount Union,Alliance,OH,3,2,31.0,490.0,560.0,,23.0,22.0,22.0,,1050.0,0.0,2056.0,0.8123,0.0618,0.0214,0.0049,0.0029,0.0,0.037000000000000005,0.0355,0.0243,0.0054,,24821.0,0.3177,0.7372,,,,0.8161,0.0172,27000,299.75535,0.867584746,0.637908625,,40800,0.66085577
54,152,111,181,181,Academy of Salon and Spa,Fort Smith,AR,1,3,13.0,,,,,,,,,0.0,75.0,0.7867,0.0133,0.08,0.04,0.08,0.0,0.0,0.0,0.0,0.0,,15696.0,0.6746,,0.7813,,,0.619,0.3467,9500,105.469475,0.42519685,,0.606706667,PrivacySuppressed,PrivacySuppressed
50,155,380,6011,6011,Strayer University-Nashville Campus,Nashville,TN,0,3,,,,,,,,,,,,,,,,,,,,,,,,,,,,,,,39499.5,438.525424,0.444774917,,,51700,0.722576857
174,232,383,2260,2260,A T Still University of Health Sciences,Kirksville,MO,4,2,33.0,,,,,,,,,0.0,,,,,,,,,,,,,,,,,,,,,,,PrivacySuppressed,,,199600,0.980769217
189,85,157,5823,5823,ITT Technical Institute-Levittown,Levittown,PA,2,3,21.0,,,,,,,,,0.0,380.0,0.4526,0.3,0.1421,0.0263,0.0026,0.0,0.0316,0.0,0.0447,0.1816,,21078.0,0.7648,,0.6667,,0.0,0.8475,0.5842,25833.5,286.8048087,0.394119686,,0.417277241,38400,0.591855824
334,348,499,3617,3617,Beaver Falls Beauty Academy,Beaver Falls,PA,1,3,21.0,,,,,,,,,0.0,49.0,0.8571,0.102,0.0408,0.0,0.0,0.0,0.0,0.0,0.0,0.0,,18266.0,0.6271,,0.8095,,,0.7627,0.3673,8800,97.69804,0.477777778,,0.711153333,PrivacySuppressed,0.242857143
187,386,235,1805,1805,Babson College,Wellesley,MA,3,2,21.0,595.0,660.0,620.0,28.0,28.0,29.0,,1258.0,0.0,2106.0,0.3898,0.0423,0.0997,0.1168,0.0019,0.0,0.0223,0.2635,0.0636,0.0,,28057.0,0.1613,0.9489,,,,0.3737,0.009000000000000001,27000,299.75535,0.98206278,0.90403683,,85500,0.894348919
169,261,282,6592,6592,Brown Mackie College-Indianapolis,Indianapolis,IN,2,3,11.0,,,,,,,,,0.0,899.0,0.2803,0.6741,0.0278,0.0078,0.0011,0.0011,0.0033,0.0,0.0044,0.0,,19799.0,0.8106,0.1429,,,,0.6990000000000001,0.7241,21599,239.793178,0.289359316,,,25200,0.501259446
58,193,302,1443,1443,Iowa Western Community College,Council Bluffs,IA,2,1,13.0,,,,,,,,,0.0,5097.0,0.7446,0.1169,0.0708,0.0112,0.0194,0.0026,0.0018,0.0163,0.0165,0.3208,10382.0,,0.3974,,0.4601,,0.3443,0.5652,0.2466,11718.5,130.0993729,0.62878518,,0.239356029,34100,0.533957839
48,268,100,7529,7529,RGV Careers,Pharr,TX,1,3,21.0,,,,,,,,,0.0,223.0,0.0493,0.0,0.9417,0.009000000000000001,0.0,0.0,0.0,0.0,0.0,0.0,,15008.0,0.4242,,1.0,,1.0,0.2992,0.565,9033,100.2848177,,,,,
235,162,146,6978,6978,InterCoast Colleges-Roseville,Roseville,CA,1,3,12.0,,,,,,,,,0.0,3.0,0.3333,0.0,0.6667,0.0,0.0,0.0,0.0,0.0,0.0,0.0,,8025.0,0.413,,1.0,,,0.413,0.6667,12125,134.6123563,0.317040359,,,23300,0.322055131
252,236,283,3142,3142,Kent State University at Tuscarawas,New Philadelphia,OH,2,1,32.0,,,,,,,,,0.0,2030.0,0.902,0.0276,0.0133,0.0049,0.0025,0.001,0.0163,0.0015,0.031,0.597,10838.0,,0.5,0.6935,,0.5769,,0.6196,0.3453,26225,291.1512613,0.690392227,0.191334727,,36600,0.589349747
21,3,173,4584,4584,Warren County Community College,Washington,NJ,2,1,41.0,,,,,,,,,0.0,1444.0,0.7729,0.0755,0.0921,0.0284,0.0042,0.0007,0.0,0.0,0.0263,0.4855,7969.0,,0.2896,,0.6051,,0.3943,0.1488,0.2137,9800,108.80009,0.781420765,,0.311326415,31300,0.517241359
313,385,344,6712,6712,Professional Hands Institute,Miami,FL,1,3,11.0,,,,,,,,,0.0,38.0,0.0,0.0,1.0,0.0,0.0,0.0,0.0,0.0,0.0,0.0,,9410.0,0.8211,,0.9474,,,0.7737,0.8684,5821,64.62503305,0.701799486,,0.3466,,
160,285,411,5403,5403,Rivertown School of Beauty Barber Skin Care and Nails,Columbus,GA,1,3,12.0,,,,,,,,,0.0,207.0,0.3043,0.6473,0.0097,0.0097,0.0,0.0,0.0048,0.0,0.0242,0.0,,6329.0,0.9207,,0.8293,,,0.9603,0.628,5500,61.061275,0.406451613,,0.94593,15900,0.193103448
276,263,254,6372,6372,Branford Hall Career Institute-Albany Campus,Albany,NY,1,3,21.0,,,,,,,,,0.0,378.0,0.4656,0.3413,0.0688,0.0185,0.0132,0.0,0.0476,0.0,0.045,0.328,,22448.0,0.8162,,0.8,,0.6923,0.7504,0.6243,9800,108.80009,0.496945683,,0.692532039,29700,0.477781385
191,186,125,1550,1550,Tabor College,Hillsboro,KS,3,2,33.0,455.0,475.0,,23.0,21.0,22.0,,1017.0,0.0,706.0,0.6714,0.0793,0.1105,0.0085,0.0085,0.0028,0.0269,0.0255,0.0666,0.1997,,21885.0,0.3634,0.6143,,0.0,,0.7699,0.1821,21250,235.9185625,0.880636605,0.525887649,,34400,0.629770994
293,319,482,59,59,Troy University-Dothan Campus,Dothan,AL,0,1,,,,,,,,,,,,,,,,,,,,,,,,,,,,,,,26000,288.6533,0.543508214,,,36600,0.613958538
257,251,51,2280,2280,Missouri School of Barbering & Hairstyling,Florissant,MO,1,3,21.0,,,,,,,,,0.0,20.0,0.2,0.8,0.0,0.0,0.0,0.0,0.0,0.0,0.0,0.0,,10588.0,0.6522,,0.9,,,0.6087,0.65,7500,83.265375,,,0.771891228,PrivacySuppressed,PrivacySuppressed
308,21,86,665,665,Colorado Mountain College,Glenwood Springs,CO,1,1,33.0,,,,,,,,,0.0,3559.0,0.7207,0.0073,0.1689,0.0073,0.0093,0.0008,0.0118,0.0008,0.0731,0.5243,10262.0,,0.2338,,,,,0.2367,0.4342,11000,122.12255,0.731073446,0.20806118,,28800,0.481946617
149,299,326,6656,6656,Toledo Restaurant Training Center,Toledo,OH,1,2,11.0,,,,,,,,,0.0,40.0,0.05,0.925,0.025,0.0,0.0,0.0,0.0,0.0,0.0,0.0,,12340.0,0.96,,,,,0.0,0.4,,,,,0.757009346,,
130,245,170,4741,4741,Iverson Business School,Arlington,TX,1,3,11.0,,,,,,,,,0.0,2.0,0.5,0.5,0.0,0.0,0.0,0.0,0.0,0.0,0.0,0.0,,,0.0,,0.963,,,0.0,1.0,8179,90.80366695,0.204379562,,0.943557863,25400,0.315436244
151,38,291,4879,4879,Pomona Unified School District Adult and Career Education,Pomona,CA,1,1,21.0,,,,,,,,,0.0,444.0,0.0991,0.0541,0.4707,0.018000000000000002,0.0,0.0068,0.3041,0.0,0.0473,0.4347,8863.0,,1.0,,0.6531,,0.3103,0.0,0.431,,,,,0.762735364,17300,0.180000007
99,237,85,1775,1775,Morgan State University,Baltimore,MD,3,1,11.0,450.0,450.0,435.0,18.0,17.0,18.0,,893.0,0.0,6197.0,0.0203,0.8451,0.0292,0.0139,0.0032,0.0011,0.0342,0.0424,0.0105,0.1149,14502.0,,0.6152,0.7207,,0.55,,0.8105,0.2039,31000,344.16355,0.377313228,0.310851319,,39700,0.564781666
87,305,40,4602,4602,Kaplan College-El Paso,El Paso,TX,1,3,11.0,,,,,,,,,0.0,671.0,0.0611,0.0566,0.8614,0.006,0.0045,0.003,0.0,0.0,0.0075,0.0,,20493.0,0.299,,0.8111,,,0.1757,0.4141,9500,105.469475,0.269503546,,0.804368116,23400,0.330979288
214,256,178,6715,6715,Celebrity School of Beauty,Miami,FL,1,3,21.0,,,,,,,,,0.0,198.0,0.0,0.0,0.9848,0.0,0.0,0.0,0.0,0.0152,0.0,0.1566,,19763.0,0.5112,,0.8516,,0.8333,0.2821,0.8687,3500,38.857175,PrivacySuppressed,,0.916670833,,
121,37,172,1586,1586,Hopkinsville Community College,Hopkinsville,KY,1,1,32.0,,,,,,,,,0.0,3191.0,0.6067,0.2466,0.0777,0.0144,0.005,0.0053,0.031,0.0009,0.0122,0.4914,7390.0,,0.619,,0.5203,,0.3598,0.3831,0.5001,11500,127.673575,0.571593533,,0.275193612,26600,0.449473679
335,102,515,2647,2647,CUNY Borough of Manhattan Community College,New York,NY,2,1,11.0,,,,,,,,,0.0,23658.0,0.0921,0.273,0.4289,0.1181,0.0019,0.0025,0.0169,0.0666,0.0,0.3291,6778.0,,0.6917,,0.6406,,0.5221,0.1152,0.2504,8779,97.46489695,0.537029703,,0.206290303,34900,0.509139955
20,302,300,6795,6795,The Temple-A Paul Mitchell Partner School,Frederick,MD,1,3,13.0,,,,,,,,,0.0,216.0,0.7824,0.1111,0.0417,0.0046,0.0046,0.0,0.0046,0.0,0.0509,0.0,,18363.0,0.3681,,0.9268,,,0.5521,0.2546,16499,183.172723,0.62962963,,0.90415,,
188,65,289,4738,4738,Great Plains Technology Center,Lawton,OK,1,1,13.0,,,,,,,,,0.0,296.0,0.5946,0.1351,0.1182,0.0135,0.0946,0.0203,0.0,0.0,0.0236,0.1047,10226.0,,0.5539,,0.8992,,0.9143,0.0,0.5,,,,,0.831786654,32600,0.544303775
71,377,523,730,730,Lincoln Technical Institute-East Windsor,East Windsor,CT,1,3,41.0,,,,,,,,,0.0,655.0,0.5893,0.0962,0.1328,0.0183,0.0031,0.0046,0.1023,0.0,0.0534,0.3038,,17544.0,0.5396,,0.8321,,0.7143,0.8176,0.1832,11813,131.1485167,0.488564799,,0.630192853,37300,0.650826454
106,195,398,3688,3688,YTI Career Institute-York,York,PA,2,3,22.0,,,,,,,,,0.0,2027.0,0.6976,0.0691,0.1707,0.0128,0.0049,0.0015,0.0434,0.0,0.0,0.0,,8031.0,0.6771,,0.8304,,,0.8123,0.3883,12428,137.9762774,0.637424172,,0.747002279,35700,0.57405138
270,53,468,4885,4885,Academy of Cosmetology,Merritt Island,FL,1,3,21.0,,,,,,,,,0.0,144.0,0.6319,0.1389,0.1111,0.0278,0.0,0.0,0.0903,0.0,0.0,0.0486,,15975.0,0.9283,,0.8806,,,0.9121,0.5764,5500,61.061275,0.518072289,,0.767791011,14500,0.200000003
102,414,20,926,926,Pasco-Hernando Community College,New Port Richey,FL,2,1,21.0,,,,,,,,,0.0,8211.0,0.726,0.0452,0.1575,0.0158,0.0037,0.0018,0.0285,0.0018,0.0197,0.5327,6088.0,,0.4436,,0.6384,,0.5,0.1712,0.3274,8298.5,92.13036193,0.544468547,,0.39532391,29100,0.447164178
